coder1,coder2,coder3,screen_name_tweets,fullname,text,timestamp,following,followers,num_tweets,location,num_likes,id,date_joined,num_days_joined,days_on_twitter
1,1,1,trueman98587845,trueman,สู้ๆ นะครับ เป็นกำลังใจให้ เจ้าหน้าที่ทุกคน มันเหนื่อยจริงๆ #ไวรัสโคโรนา #ไวรัสอู่ฮั่น #รัฐบาลเตรียมพร้อม #เสพสื่ออย่างมีสติ #อย่าตื่นตระหนก #ทหารที่พึ่งของประชาชนทุกโอกาส,2020-01-28 13:27:29,30,4,1032,,502,1220152441666039808,2020-01-22 17:13:00,35 days 06:47:00.000000000,35
1,1,1,KI36bsxg8ozf6bg,ชัย สุขกายสบายใจ,"เพื่อรักษา และ ระวังป้องกัน เจ้าหน้าที่รัฐ ผมดูว่าพร้อมครับ
#รัฐบาลเตรียมพร้อม",2020-02-03 15:58:04,36,22,2673,,770,1201755584225107968,2019-12-02 22:50:00,86 days 01:10:00.000000000,86
1,1,1,daengbile436,แดง ไบเล่,"ข่าวปลอม  ไม่จริง ไม่ควรแชร์ต่อ
#ไวรัสโคโรนา
#ไวรัสอู่ฮั่น
#รัฐบาลเตรียมพร้อม
#เสพสื่ออย่างมีสติ
#อย่าตื่นตระหนกhttps://twitter.com/daengbile436/status/1222364340273041409 …",2020-01-29 3:46:25,38,5,1234,,21,1219487869049307136,2020-01-20 21:12:00,37 days 02:48:00.000000000,37
1,1,1,trueman98587845,trueman,กระผมหนึ่งในพลเมืองคนไทย ขอเป็นกำลังใจให้คุณหมอ และทีมงานทุกๆท่านที่ทำหน้าอยู่ ณ จุดแสกนคัดกรอง ขอส่งกำลังใจให้พวกท่าน ขอให้พวกท่านทุกคนปลอดภัย ด้วยรักและห่วงใย #ไวรัสโคโรนา #ไวรัสอู่ฮั่น #รัฐบาลเตรียมพร้อม #เสพสื่ออย่างมีสติ #อย่าตื่นตระหนก,2020-01-31 3:22:40,30,4,1032,,502,1220152441666039808,2020-01-22 17:13:00,35 days 06:47:00.000000000,35
1,1,1,thaiprong,รวมใจไทยปรองดอง,"ขอร้องทุกคนช่วยเสพสื่ออย่างมีสติ อย่าแชร์ข่าวปลอม เพราะจะสร้างความตื่นตระหนกให้กับคนไทย ซึ่งรัฐบาล ไทยได้เตรียมความพร้อมรับสถานการณ์การระบาดของไวรัสโคโรนาไว้แล้ว #ไวรัสโคโรนาสายพันธุ์ใหม่2019
#ไวรัสอู่ฮั่น
#รัฐบาลเตรียมพร้อม
#เสพสื่ออย่างมีสติ
#อย่าตื่นตระหนกhttps://twitter.com/suchartonly/status/1221766595925536768 …",2020-01-28 8:28:56,304,99,78,,395,1209024400651014144,2019-12-23 00:14:00,65 days 23:46:00.000000000,65
1,1,1,trueman98587845,trueman,กระผมหนึ่งในพลเมืองคนไทย ขอเป็นกำลังใจให้คุณหมอ และทีมงานทุกๆท่านที่ทำหน้าอยู่ ณ จุดแสกนคัดกรอง ขอส่งกำลังใจให้พวกท่าน ขอให้พวกท่านทุกคนปลอดภัย ด้วยรักและห่วงใย #ไวรัสโคโรนา #ไวรัสอู่ฮั่น #รัฐบาลเตรียมพร้อม #เสพสื่ออย่างมีสติ #อย่าตื่นตระหนกhttps://twitter.com/armypr_news/status/1222899107930333187 …,2020-01-31 3:22:46,30,4,1032,,502,1220152441666039808,2020-01-22 17:13:00,35 days 06:47:00.000000000,35
1,1,1,trueman98587845,trueman,ต้องบอกว่ารัฐพยายามประชาสัมพันธ์ให้ผู้คนเกิดความตื่นตัวในการป้องกันไวรัส #ไวรัสโคโรนา #ไวรัสอู่ฮั่น #รัฐบาลเตรียมพร้อม #เสพสื่ออย่างมีสติ #อย่าตื่นตระหนก สธ.ต้องเร็วต่อข่าวสารคิดว่า แถลงตอนเย็น ไม่พอ ท่านต้องพยายาม ออกสัก 3 เวลา ผู้คนจะได้อุ่นใจ,2020-01-31 3:27:51,30,4,1032,,502,1220152441666039808,2020-01-22 17:13:00,35 days 06:47:00.000000000,35
1,1,1,KI36bsxg8ozf6bg,ชัย สุขกายสบายใจ,"ผมประชาชนคนหนึ่ง จดจำในสิ่งที่ เจ้าหน้ารัฐทำ คือการช่วยเหลือประชาชน อย่างเสียสละ พร้มทั้งห่วงใยใส่ใจสุขภาพ ผู้ที่เดินทางมาที่เมืองไทยครับครับ
#รัฐบาลเตรียมพร้อม",2020-02-03 16:10:57,36,22,2673,,770,1201755584225107968,2019-12-02 22:50:00,86 days 01:10:00.000000000,86
1,1,1,tawannak32,ทวารหนัก,"ข่าวปลอมครับ
ใช้วิจารณญาณในการวิเคราะห์ด้วยน่ะครับ
ควรเชื่อแหล่งข่าวที่เชื่อถือได้
#ไวรัสโคโรนา
#ไวรัสอู่ฮั่น
#รัฐบาลเตรียมพร้อม
#เสพสื่ออย่างมีสติ
#อย่าตื่นตระหนก
#Fakenews
#ข่าวปลอมhttps://twitter.com/AFNCThailand/status/1222688151975579648 …",2020-01-30 13:34:49,34,5,107,,8,1212927650873786368,2020-01-02 18:44:00,55 days 05:16:00.000000000,55
1,1,1,trueman98587845,trueman,กระผมหนึ่งในพลเมืองคนไทย ขอเป็นกำลังใจให้คุณหมอ และทีมงานทุกๆท่านที่ทำหน้าอยู่ ณ จุดแสกนคัดกรอง ขอส่งกำลังใจให้พวกท่าน ขอให้พวกท่านทุกคนปลอดภัย ด้วยรักและห่วงใย #ไวรัสโคโรนา #ไวรัสอู่ฮั่น #รัฐบาลเตรียมพร้อม #เสพสื่ออย่างมีสติ #อย่าตื่นตระหนก,2020-01-30 3:14:39,30,4,1032,,502,1220152441666039808,2020-01-22 17:13:00,35 days 06:47:00.000000000,35
1,1,1,KI36bsxg8ozf6bg,ชัย สุขกายสบายใจ,"เพื่อรักษา และ ระวังป้องกัน เจ้าหน้าที่รัฐ ผมดูว่าพร้อมครับ
#รัฐบาลเตรียมพร้อม",2020-02-03 15:58:04,36,22,2673,,770,1201755584225107968,2019-12-02 22:50:00,86 days 01:10:00.000000000,86
0,0,1,8eepMREvdoDjIcs,ศักดิ์สิทธิ์,"ข้อมูลดีๆ
#ไวรัสโคโรนา
#ไวรัสอู่ฮั่น
#รัฐบาลเตรียมพร้อม
#เสพสื่ออย่างมีสติ
#อย่าตื่นตระหนก",2020-02-06 2:49:38,86,2,663,,328,1224184616346509312,2020-02-02 20:15:00,24 days 03:45:00.000000000,24
1,1,1,KI36bsxg8ozf6bg,ชัย สุขกายสบายใจ,"งานที่ทำ ดังกว่าคำที่พูด 
เจ้าหน้าที่รัฐได้พิสูจน์ ให้เห็น ว่าท่าน ตั้งใจในการแก้ปัญหา
แต่คนที่มองอย่างอคติ ก็ดูเป็นลบเสมอ
ผมเห็นเจ้าหน้ารัฐ ตั้งใจปฏิบัติหน้าที่ และ ใส่ใจในปัญหา ครับ
#รัฐบาลเตรียมพร้อม",2020-02-03 16:53:41,36,22,2673,,770,1201755584225107968,2019-12-02 22:50:00,86 days 01:10:00.000000000,86
0,1,1,8eepMREvdoDjIcs,ศักดิ์สิทธิ์,"เป็นกำลังใจให้ทุกท่าน
#ไวรัสโคโรนา
#ไวรัสอู่ฮั่น
#รัฐบาลเตรียมพร้อม
#เสพสื่ออย่างมีสติ
#อย่าตื่นตระหนก",2020-02-06 2:45:40,86,2,663,,328,1224184616346509312,2020-02-02 20:15:00,24 days 03:45:00.000000000,24
0,1,1,jay96599246,jay,ทหารของประชาชน #รัฐบาลเตรียมพร้อม,2020-02-01 5:47:12,145,7,256,,110,1202832347541884928,2019-12-05 22:09:00,83 days 01:51:00.000000000,83
0,0,1,8eepMREvdoDjIcs,ศักดิ์สิทธิ์,"หาข้อมูลที่ถูกต้อง
#ไวรัสโคโรนา
#ไวรัสอู่ฮั่น
#รัฐบาลเตรียมพร้อม
#เสพสื่ออย่างมีสติ
#อย่าตื่นตระหนก",2020-02-06 2:38:45,86,2,663,,328,1224184616346509312,2020-02-02 20:15:00,24 days 03:45:00.000000000,24
1,1,1,KI36bsxg8ozf6bg,ชัย สุขกายสบายใจ,"เราประชาชน คนไทยด้วยกัน ต้องช่วยกันประชาสัมพันธ์ เกี่ยวกับเรื่องนี้ด้วยนะครับ อย่าปล่อยให้เป็นหน้าที่ของใครคนหนึ่ง หรือหน่วยงานใด หน่วยงานหนึ่ง
#รัฐบาลเตรียมพร้อม
#ทหารเป็นที่พึ่งของประชาชน",2020-02-03 16:50:25,36,22,2673,,770,1201755584225107968,2019-12-02 22:50:00,86 days 01:10:00.000000000,86
1,1,1,8eepMREvdoDjIcs,ศักดิ์สิทธิ์,"ทำงานกันเป็นระบบดีมาก
#ไวรัสโคโรนา
#ไวรัสอู่ฮั่น
#รัฐบาลเตรียมพร้อม
#เสพสื่ออย่างมีสติ
#อย่าตื่นตระหนก",2020-02-06 2:41:30,86,2,663,,328,1224184616346509312,2020-02-02 20:15:00,24 days 03:45:00.000000000,24
1,1,1,trueman98587845,trueman,กระผมหนึ่งในพลเมืองคนไทย ขอเป็นกำลังใจให้คุณหมอ และทีมงานทุกๆท่านที่ทำหน้าอยู่ ณ จุดแสกนคัดกรอง ขอส่งกำลังใจให้พวกท่าน ขอให้พวกท่านทุกคนปลอดภัย ด้วยรักและห่วงใย #ไวรัสโคโรนา #ไวรัสอู่ฮั่น #รัฐบาลเตรียมพร้อม #เสพสื่ออย่างมีสติ #อย่าตื่นตระหนก,2020-01-30 2:57:22,30,4,1032,,502,1220152441666039808,2020-01-22 17:13:00,35 days 06:47:00.000000000,35
1,1,1,daengbile436,แดง ไบเล่,"ข่าวปลอม  ไม่จริง ไม่ควรแชร์ต่อ
#ไวรัสโคโรนา
#ไวรัสอู่ฮั่น
#รัฐบาลเตรียมพร้อม
#เสพสื่ออย่างมีสติ
#อย่าตื่นตระหนกhttps://twitter.com/daengbile436/status/1222364408329850881 …",2020-01-29 3:46:32,38,5,1234,,21,1219487869049307136,2020-01-20 21:12:00,37 days 02:48:00.000000000,37
1,1,1,trueman98587845,trueman,ต้องบอกว่ารัฐพยายามประชาสัมพันธ์ให้ผู้คนเกิดความตื่นตัวในการป้องกันไวรัส ขอบคุณกองทัพบกที่พยายามประชาสัมพันธ์ให้คนไทยได้รับรู้มากขึ้น #ไวรัสโคโรนา #ไวรัสอู่ฮั่น #รัฐบาลเตรียมพร้อม #เสพสื่ออย่างมีสติ #อย่าตื่นตระหนก,2020-01-29 6:11:21,30,4,1032,,502,1220152441666039808,2020-01-22 17:13:00,35 days 06:47:00.000000000,35
1,1,1,trueman98587845,trueman,กระผมหนึ่งในพลเมืองคนไทย ขอเป็นกำลังใจให้คุณหมอ และทีมงานทุกๆท่านที่ทำหน้าอยู่ ณ จุดแสกนคัดกรอง ขอส่งกำลังใจให้พวกท่าน ขอให้พวกท่านทุกคนปลอดภัย ด้วยรักและห่วงใย #ไวรัสโคโรนา #ไวรัสอู่ฮั่น #รัฐบาลเตรียมพร้อม #เสพสื่ออย่างมีสติ #อย่าตื่นตระหนกhttps://twitter.com/armypr_news/status/1222710486862462976 …,2020-01-30 3:14:44,30,4,1032,,502,1220152441666039808,2020-01-22 17:13:00,35 days 06:47:00.000000000,35
0,0,1,napoly001,Napoly001,"ขอให้ทุกคนเสพสื่ออย่างมีสติ อย่าแชร์ข่าวปลอม เพราะจะสร้างความตื่นตระหนกให้กับคนไทย ซึ่งรัฐบาล ไทยได้เตรียมความพร้อมรับสถานการณ์การระบาดของไวรัสโคโรนาไว้แล้วนะครับ #เชื่อมั่นรัฐบาล
#ไวรัสโคโรนา
#ไวรัสอู่ฮั่น
#รัฐบาลเตรียมพร้อม
#เสพสื่ออย่างมีสติ
#อย่าตื่นตระหนกpic.twitter.com/Siy0Q95WYJ",2020-01-28 8:11:49,247,53,119,,538,1203954074435014656,2019-12-09 00:26:00,79 days 23:34:00.000000000,79
1,1,1,trueman98587845,trueman,และจีนก็กลัวว่าขนกลับมามาแพร่เชื้อ จีนโดนด่าอีก ปล่อยไปได้ไง จะมีแต่พวก ออกมารัวๆ อ้าง ว่ามีคนอยากกลับบ้าน #ไวรัสโคโรนา #ไวรัสอู่ฮั่น #รัฐบาลเตรียมพร้อม #เสพสื่ออย่างมีสติ #อย่าตื่นตระหนก #ทหารที่พึ่งของประชาชนทุกโอกาสhttps://twitter.com/Itsara_Th/status/1222125603253440513 …,2020-01-28 12:36:36,30,4,1032,,502,1220152441666039808,2020-01-22 17:13:00,35 days 06:47:00.000000000,35
1,1,1,trueman98587845,trueman,กระผมหนึ่งในพลเมืองคนไทย ขอเป็นกำลังใจให้คุณหมอ และทีมงานทุกๆท่านที่ทำหน้าอยู่ ณ จุดแสกนคัดกรอง ขอส่งกำลังใจให้พวกท่าน ขอให้พวกท่านทุกคนปลอดภัย ด้วยรักและห่วงใย #ไวรัสโคโรนา #ไวรัสอู่ฮั่น #รัฐบาลเตรียมพร้อม #เสพสื่ออย่างมีสติ #อย่าตื่นตระหนกhttps://twitter.com/armypr_news/status/1222710486862462976 …,2020-01-30 3:14:44,30,4,1032,,502,1220152441666039808,2020-01-22 17:13:00,35 days 06:47:00.000000000,35
1,1,1,trueman98587845,trueman,สู้ๆ นะครับ เป็นกำลังใจให้ เจ้าหน้าที่ทุกคน มันเหนื่อยจริงๆ #ไวรัสโคโรนา #ไวรัสอู่ฮั่น #รัฐบาลเตรียมพร้อม #เสพสื่ออย่างมีสติ #อย่าตื่นตระหนก #ทหารที่พึ่งของประชาชนทุกโอกาส,2020-01-28 13:27:29,30,4,1032,,502,1220152441666039808,2020-01-22 17:13:00,35 days 06:47:00.000000000,35
1,1,1,daengbile436,แดง ไบเล่,"ข่าวปลอม  ไม่จริง ไม่ควรแชร์ต่อ
#ไวรัสโคโรนา
#ไวรัสอู่ฮั่น
#รัฐบาลเตรียมพร้อม
#เสพสื่ออย่างมีสติ
#อย่าตื่นตระหนกhttps://twitter.com/daengbile436/status/1222364604774273024 …",2020-01-29 3:46:46,38,5,1234,,21,1219487869049307136,2020-01-20 21:12:00,37 days 02:48:00.000000000,37
1,1,1,thaiprong,รวมใจไทยปรองดอง,"อีกด้านหนึ่งของสังคมไทย ที่ได้มองเห็นแล้วก็รู้สึกได้ว่า #แผ่นดินไทยไม่สิ้นคนดี ฉะนั้นเรามาร่วมใจกันสรา้งสังคมให้น่าอยู่ดีกว่าไหม. #ไวรัสโคโรนาสายพันธุ์ใหม่2019
#ไวรัสอู่ฮั่น
#รัฐบาลเตรียมพร้อม
#เสพสื่ออย่างมีสติ
#อย่าตื่นตระหนกhttps://twitter.com/onenews31/status/1221816691409084418 …",2020-01-28 8:26:36,304,99,78,,395,1209024400651014144,2019-12-23 00:14:00,65 days 23:46:00.000000000,65
1,1,1,8eepMREvdoDjIcs,ศักดิ์สิทธิ์,"เป็นกำลังใจให้คนทำงาน
#ไวรัสโคโรนา
#ไวรัสอู่ฮั่น
#รัฐบาลเตรียมพร้อม
#เสพสื่ออย่างมีสติ
#อย่าตื่นตระหนก",2020-02-06 2:40:45,86,2,663,,328,1224184616346509312,2020-02-02 20:15:00,24 days 03:45:00.000000000,24
1,1,1,daengbile436,แดง ไบเล่,"ข่าวปลอม  ไม่จริง ไม่ควรแชร์ต่อ
#ไวรัสโคโรนา
#ไวรัสอู่ฮั่น
#รัฐบาลเตรียมพร้อม
#เสพสื่ออย่างมีสติ
#อย่าตื่นตระหนกhttps://twitter.com/daengbile436/status/1222364408329850881 …",2020-01-29 3:46:32,38,5,1234,,21,1219487869049307136,2020-01-20 21:12:00,37 days 02:48:00.000000000,37
0,0,1,jay96599246,jay,ทหารของประชาชน #รัฐบาลเตรียมพร้อม,2020-02-01 5:47:12,145,7,256,,110,1202832347541884928,2019-12-05 22:09:00,83 days 01:51:00.000000000,83
1,1,1,trueman98587845,trueman,ต้องบอกว่ารัฐพยายามประชาสัมพันธ์ให้ผู้คนเกิดความตื่นตัวในการป้องกันไวรัส #ไวรัสโคโรนา #ไวรัสอู่ฮั่น #รัฐบาลเตรียมพร้อม #เสพสื่ออย่างมีสติ #อย่าตื่นตระหนก สธ.ต้องเร็วต่อข่าวสารคิดว่า แถลงตอนเย็น ไม่พอ ท่านต้องพยายาม ออกสัก 3 เวลา ผู้คนจะได้อุ่นใจ,2020-01-31 3:27:51,30,4,1032,,502,1220152441666039808,2020-01-22 17:13:00,35 days 06:47:00.000000000,35
1,0,1,8eepMREvdoDjIcs,ศักดิ์สิทธิ์,"หาข้อมูลที่ถูกต้อง
#ไวรัสโคโรนา
#ไวรัสอู่ฮั่น
#รัฐบาลเตรียมพร้อม
#เสพสื่ออย่างมีสติ
#อย่าตื่นตระหนก",2020-02-06 2:38:45,86,2,663,,328,1224184616346509312,2020-02-02 20:15:00,24 days 03:45:00.000000000,24
1,1,1,KI36bsxg8ozf6bg,ชัย สุขกายสบายใจ,"เจ้าหน้าที่รัฐ ทุ่มเท ให้การทำหน้าที่ ขอชื่นชมครับ
#รัฐบาลเตรียมพร้อม",2020-02-03 16:24:12,36,22,2673,,770,1201755584225107968,2019-12-02 22:50:00,86 days 01:10:00.000000000,86
1,1,1,KI36bsxg8ozf6bg,ชัย สุขกายสบายใจ,"ผมประชาชนคนหนึ่ง จดจำในสิ่งที่ เจ้าหน้ารัฐทำ คือการช่วยเหลือประชาชน อย่างเสียสละ พร้มทั้งห่วงใยใส่ใจสุขภาพ ผู้ที่เดินทางมาที่เมืองไทยครับครับ
#รัฐบาลเตรียมพร้อม",2020-02-03 16:10:57,36,22,2673,,770,1201755584225107968,2019-12-02 22:50:00,86 days 01:10:00.000000000,86
1,0,1,thaiprong,รวมใจไทยปรองดอง," ข่าวดี!! แพทย์ราชวิถี รักษาผู้ป่วยโคโรนา อาการดีขึ้นภายใน 48 ชั่วโมง
#ไวรัสโคโรนา
#ไวรัสอู่ฮั่น
#รัฐบาลเตรียมพร้อม
#เสพสื่ออย่างมีสติ
#อย่าตื่นตระหนก
#Fakenews
#ข่าวปลอม
https://www.facebook.com/thaiprong2019/?modal=admin_todo_tour …pic.twitter.com/Pw1pg2ABZf",2020-02-02 15:15:13,304,99,78,,395,1209024400651014144,2019-12-23 00:14:00,65 days 23:46:00.000000000,65
1,1,1,8eepMREvdoDjIcs,ศักดิ์สิทธิ์,"เป็นกำลังใจให้คนทำงาน
#ไวรัสโคโรนา
#ไวรัสอู่ฮั่น
#รัฐบาลเตรียมพร้อม
#เสพสื่ออย่างมีสติ
#อย่าตื่นตระหนก",2020-02-06 2:40:45,86,2,663,,328,1224184616346509312,2020-02-02 20:15:00,24 days 03:45:00.000000000,24
1,1,1,8eepMREvdoDjIcs,ศักดิ์สิทธิ์,"ตามข่าวอยู่เรื่อยๆครับ
#ไวรัสโคโรนา
#ไวรัสอู่ฮั่น
#รัฐบาลเตรียมพร้อม
#เสพสื่ออย่างมีสติ",2020-02-06 2:48:11,86,2,663,,328,1224184616346509312,2020-02-02 20:15:00,24 days 03:45:00.000000000,24
1,1,1,trueman98587845,trueman,กระผมหนึ่งในพลเมืองคนไทย ขอเป็นกำลังใจให้คุณหมอ และทีมงานทุกๆท่านที่ทำหน้าอยู่ ณ จุดแสกนคัดกรอง ขอส่งกำลังใจให้พวกท่าน ขอให้พวกท่านทุกคนปลอดภัย ด้วยรักและห่วงใย #ไวรัสโคโรนา #ไวรัสอู่ฮั่น #รัฐบาลเตรียมพร้อม #เสพสื่ออย่างมีสติ #อย่าตื่นตระหนกhttps://twitter.com/DrNarumonP/status/1222430531364638721 …,2020-01-30 2:57:37,30,4,1032,,502,1220152441666039808,2020-01-22 17:13:00,35 days 06:47:00.000000000,35
1,1,1,thaiprong,รวมใจไทยปรองดอง,"ขอร้องทุกคนช่วยเสพสื่ออย่างมีสติ อย่าแชร์ข่าวปลอม เพราะจะสร้างความตื่นตระหนกให้กับคนไทย ซึ่งรัฐบาล ไทยได้เตรียมความพร้อมรับสถานการณ์การระบาดของไวรัสโคโรนาไว้แล้ว #ไวรัสโคโรนาสายพันธุ์ใหม่2019
#ไวรัสอู่ฮั่น
#รัฐบาลเตรียมพร้อม
#เสพสื่ออย่างมีสติ
#อย่าตื่นตระหนกhttps://twitter.com/suchartonly/status/1221766595925536768 …",2020-01-28 8:28:56,304,99,78,,395,1209024400651014144,2019-12-23 00:14:00,65 days 23:46:00.000000000,65
1,1,1,thaiprong,รวมใจไทยปรองดอง,"ทหารเป็นได้ทุกอย่าจริงๆ #ไวรัสโคโรนาสายพันธุ์ใหม่2019
#ไวรัสอู่ฮั่น
#รัฐบาลเตรียมพร้อม
#เสพสื่ออย่างมีสติ
#อย่าตื่นตระหนกhttps://twitter.com/armypr_news/status/1222067491024715776 …",2020-01-28 8:19:02,304,99,78,,395,1209024400651014144,2019-12-23 00:14:00,65 days 23:46:00.000000000,65
1,1,1,trueman98587845,trueman,สู้ๆ นะครับ เป็นกำลังใจให้ เจ้าหน้าที่ทุกคน มันเหนื่อยจริงๆ #ไวรัสโคโรนา #ไวรัสอู่ฮั่น #รัฐบาลเตรียมพร้อม #เสพสื่ออย่างมีสติ #อย่าตื่นตระหนก #ทหารที่พึ่งของประชาชนทุกโอกาสhttps://twitter.com/armypr_news/status/1222067491024715776 …,2020-01-28 13:27:34,30,4,1032,,502,1220152441666039808,2020-01-22 17:13:00,35 days 06:47:00.000000000,35
1,1,1,thaiprong,รวมใจไทยปรองดอง," อัปเดตไวรัส ""โคโรนา"" ประจำวันที่ 1 ก.พ. 63 ในไทย
#ไวรัสโคโรนา
#ไวรัสอู่ฮั่น
#รัฐบาลเตรียมพร้อม
#เสพสื่ออย่างมีสติ
#อย่าตื่นตระหนก
#Fakenews
#ข่าวปลอมpic.twitter.com/whYrkYzGEI",2020-02-01 15:34:33,304,99,78,,395,1209024400651014144,2019-12-23 00:14:00,65 days 23:46:00.000000000,65
1,1,1,KI36bsxg8ozf6bg,ชัย สุขกายสบายใจ,"ดูข่าวให้ดี อย่าเชื่อข่าวปลอม แล้วค่อยมาแสดงึวาทคิดเห็นนะครับ
#รัฐบาลเตรียมพร้อม",2020-02-02 17:52:19,36,22,2673,,770,1201755584225107968,2019-12-02 22:50:00,86 days 01:10:00.000000000,86
1,1,1,thaiprong,รวมใจไทยปรองดอง," อัปเดตไวรัส ""โคโรนา"" ประจำวันที่ 1 ก.พ. 63 ในไทย
#ไวรัสโคโรนา
#ไวรัสอู่ฮั่น
#รัฐบาลเตรียมพร้อม
#เสพสื่ออย่างมีสติ
#อย่าตื่นตระหนก
#Fakenews
#ข่าวปลอมpic.twitter.com/whYrkYzGEI",2020-02-01 15:34:33,304,99,78,,395,1209024400651014144,2019-12-23 00:14:00,65 days 23:46:00.000000000,65
1,1,1,trueman98587845,trueman,คุณหญิง แมร่งออกตัวแรงตั้งแต่ ข่าว Fake ละสร้างสถานการณ์ได้แบบมีคนเชื่อด้วยนะ อันที่จริงแมร่งน่าจะร่วมมือกันระหว่างฝ่ายค้านกับรัฐบาลทำงาน นี่อะไรด่ากันไปด่ากันมา #ไวรัสโคโรนา #ไวรัสอู่ฮั่น #รัฐบาลเตรียมพร้อม #เสพสื่ออย่างมีสติ #อย่าตื่นตระหนก #ทหารที่พึ่งของประชาชนทุกโอกาสhttps://twitter.com/ThaksinsLife/status/1222118721457549313 …,2020-01-28 13:00:55,30,4,1032,,502,1220152441666039808,2020-01-22 17:13:00,35 days 06:47:00.000000000,35
1,1,1,daengbile436,แดง ไบเล่,"ข่าวปลอม  ไม่จริง ไม่ควรแชร์ต่อ
#ไวรัสโคโรนา
#ไวรัสอู่ฮั่น
#รัฐบาลเตรียมพร้อม
#เสพสื่ออย่างมีสติ
#อย่าตื่นตระหนกhttps://twitter.com/daengbile436/status/1222364659434418177 …",2020-01-29 3:46:55,38,5,1234,,21,1219487869049307136,2020-01-20 21:12:00,37 days 02:48:00.000000000,37
1,1,1,tawannak32,ทวารหนัก,"ข่าวปลอมครับ
ใช้วิจารณญาณในการวิเคราะห์ด้วยน่ะครับ
ควรเชื่อแหล่งข่าวที่เชื่อถือได้
#ไวรัสโคโรนา
#ไวรัสอู่ฮั่น
#รัฐบาลเตรียมพร้อม
#เสพสื่ออย่างมีสติ
#อย่าตื่นตระหนก
#Fakenews
#ข่าวปลอมhttps://twitter.com/AFNCThailand/status/1222688151975579648 …",2020-01-30 13:34:49,34,5,107,,8,1212927650873786368,2020-01-02 18:44:00,55 days 05:16:00.000000000,55
1,1,1,8eepMREvdoDjIcs,ศักดิ์สิทธิ์,"ข้อมูลดีๆ
#ไวรัสโคโรนา
#ไวรัสอู่ฮั่น
#รัฐบาลเตรียมพร้อม
#เสพสื่ออย่างมีสติ
#อย่าตื่นตระหนก",2020-02-06 2:49:38,86,2,663,,328,1224184616346509312,2020-02-02 20:15:00,24 days 03:45:00.000000000,24
1,1,1,8eepMREvdoDjIcs,ศักดิ์สิทธิ์,"ตามข่าวอยู่เรื่อยๆครับ
#ไวรัสโคโรนา
#ไวรัสอู่ฮั่น
#รัฐบาลเตรียมพร้อม
#เสพสื่ออย่างมีสติ",2020-02-06 2:48:11,86,2,663,,328,1224184616346509312,2020-02-02 20:15:00,24 days 03:45:00.000000000,24
1,1,1,trueman98587845,trueman,กระผมหนึ่งในพลเมืองคนไทย ขอเป็นกำลังใจให้คุณหมอ และทีมงานทุกๆท่านที่ทำหน้าอยู่ ณ จุดแสกนคัดกรอง ขอส่งกำลังใจให้พวกท่าน ขอให้พวกท่านทุกคนปลอดภัย ด้วยรักและห่วงใย #ไวรัสโคโรนา #ไวรัสอู่ฮั่น #รัฐบาลเตรียมพร้อม #เสพสื่ออย่างมีสติ #อย่าตื่นตระหนก,2020-01-31 3:26:24,30,4,1032,,502,1220152441666039808,2020-01-22 17:13:00,35 days 06:47:00.000000000,35
1,1,1,tawannak32,ทวารหนัก,"ข่าวปลอมครับ
ใช้วิจารณญาณในการวิเคราะห์ด้วยน่ะครับ
ควรเชื่อแหล่งข่าวที่เชื่อถือได้
#ไวรัสโคโรนา
#ไวรัสอู่ฮั่น
#รัฐบาลเตรียมพร้อม
#เสพสื่ออย่างมีสติ
#อย่าตื่นตระหนก
#Fakenews
#ข่าวปลอมhttps://twitter.com/AFNCThailand/status/1222793660908965890 …",2020-01-30 13:34:28,34,5,107,,8,1212927650873786368,2020-01-02 18:44:00,55 days 05:16:00.000000000,55
1,1,1,trueman98587845,trueman,ต้องบอกว่ารัฐพยายามประชาสัมพันธ์ให้ผู้คนเกิดความตื่นตัวในการป้องกันไวรัส #ไวรัสโคโรนา #ไวรัสอู่ฮั่น #รัฐบาลเตรียมพร้อม #เสพสื่ออย่างมีสติ #อย่าตื่นตระหนก สธ.ต้องเร็วต่อข่าวสารคิดว่า แถลงตอนเย็น ไม่พอ ท่านต้องพยายาม ออกสัก 3 เวลา ผู้คนจะได้อุ่นใจhttps://twitter.com/prayutofficial/status/1222450603957186560 …,2020-01-31 3:28:00,30,4,1032,,502,1220152441666039808,2020-01-22 17:13:00,35 days 06:47:00.000000000,35
1,1,1,daengbile436,แดง ไบเล่,"ข่าวปลอม  ไม่จริง ไม่ควรแชร์ต่อ
#ไวรัสโคโรนา
#ไวรัสอู่ฮั่น
#รัฐบาลเตรียมพร้อม
#เสพสื่ออย่างมีสติ
#อย่าตื่นตระหนกhttps://twitter.com/daengbile436/status/1222364166037487616 …",2020-01-29 3:46:10,38,5,1234,,21,1219487869049307136,2020-01-20 21:12:00,37 days 02:48:00.000000000,37
1,1,1,sakonkob2,sakonkob,"ข่าวปลอมครับ
ใช้วิจารณญาณในการวิเคราะห์ด้วยน่ะครับ
ควรเชื่อแหล่งข่าวที่เชื่อถือได้
#ไวรัสโคโรนา
#ไวรัสอู่ฮั่น
#รัฐบาลเตรียมพร้อม
#เสพสื่ออย่างมีสติ
#อย่าตื่นตระหนก
#Fakenews
#ข่าวปลอมhttps://twitter.com/AFNCThailand/status/1222825337588838400 …",2020-01-30 13:32:51,35,2,28,,26,866978782556471296,2017-05-23 04:27:00,1009 days 19:33:00.000000000,1009
1,1,1,trueman98587845,trueman,คุณหญิง แมร่งออกตัวแรงตั้งแต่ ข่าว Fake ละสร้างสถานการณ์ได้แบบมีคนเชื่อด้วยนะ อันที่จริงแมร่งน่าจะร่วมมือกันระหว่างฝ่ายค้านกับรัฐบาลทำงาน นี่อะไรด่ากันไปด่ากันมา #ไวรัสโคโรนา #ไวรัสอู่ฮั่น #รัฐบาลเตรียมพร้อม #เสพสื่ออย่างมีสติ #อย่าตื่นตระหนก #ทหารที่พึ่งของประชาชนทุกโอกาส,2020-01-28 13:00:49,30,4,1032,,502,1220152441666039808,2020-01-22 17:13:00,35 days 06:47:00.000000000,35
1,1,1,tawannak32,ทวารหนัก,"ข่าวปลอมครับ
ใช้วิจารณญาณในการวิเคราะห์ด้วยน่ะครับ
ควรเชื่อแหล่งข่าวที่เชื่อถือได้
#ไวรัสโคโรนา
#ไวรัสอู่ฮั่น
#รัฐบาลเตรียมพร้อม
#เสพสื่ออย่างมีสติ
#อย่าตื่นตระหนก
#Fakenews
#ข่าวปลอมhttps://twitter.com/AFNCThailand/status/1222825337588838400 …",2020-01-30 13:34:17,34,5,107,,8,1212927650873786368,2020-01-02 18:44:00,55 days 05:16:00.000000000,55
1,1,1,KI36bsxg8ozf6bg,ชัย สุขกายสบายใจ,"งานที่ทำ ดังกว่าคำที่พูด 
เจ้าหน้าที่รัฐได้พิสูจน์ ให้เห็น ว่าท่าน ตั้งใจในการแก้ปัญหา
แต่คนที่มองอย่างอคติ ก็ดูเป็นลบเสมอ
ผมเห็นเจ้าหน้ารัฐ ตั้งใจปฏิบัติหน้าที่ และ ใส่ใจในปัญหา ครับ
#รัฐบาลเตรียมพร้อม",2020-02-03 16:53:41,36,22,2673,,770,1201755584225107968,2019-12-02 22:50:00,86 days 01:10:00.000000000,86
1,1,1,trueman98587845,trueman,คุณหญิง แมร่งออกตัวแรงตั้งแต่ ข่าว Fake ละสร้างสถานการณ์ได้แบบมีคนเชื่อด้วยนะ อันที่จริงแมร่งน่าจะร่วมมือกันระหว่างฝ่ายค้านกับรัฐบาลทำงาน นี่อะไรด่ากันไปด่ากันมา #ไวรัสโคโรนา #ไวรัสอู่ฮั่น #รัฐบาลเตรียมพร้อม #เสพสื่ออย่างมีสติ #อย่าตื่นตระหนก #ทหารที่พึ่งของประชาชนทุกโอกาส,2020-01-28 13:00:38,30,4,1032,,502,1220152441666039808,2020-01-22 17:13:00,35 days 06:47:00.000000000,35
1,1,1,daengbile436,แดง ไบเล่,"ข่าวปลอม  ไม่จริง ไม่ควรแชร์ต่อ
#ไวรัสโคโรนา
#ไวรัสอู่ฮั่น
#รัฐบาลเตรียมพร้อม
#เสพสื่ออย่างมีสติ
#อย่าตื่นตระหนกhttps://twitter.com/daengbile436/status/1222364659434418177 …",2020-01-29 3:46:55,38,5,1234,,21,1219487869049307136,2020-01-20 21:12:00,37 days 02:48:00.000000000,37
0,1,1,Talone86913539,Talone,กระผมหนึ่งในพลเมืองคนไทย ขอเป็นกำลังใจให้คุณหมอ และทีมงานทุกๆท่านที่ทำหน้าอยู่ ณ จุดแสกนคัดกรอง ขอส่งกำลังใจให้พวกท่าน ขอให้พวกท่านทุกคนปลอดภัย ด้วยรักและห่วงใย #ไวรัสโคโรนา #ไวรัสอู่ฮั่น #รัฐบาลเตรียมพร้อม #เสพสื่ออย่างมีสติ #อย่าตื่นตระหนก,2020-02-01 6:04:59,123,4,234,,173,1201739583513231360,2019-12-02 21:47:00,86 days 02:13:00.000000000,86
1,1,1,trueman98587845,trueman,ต้องบอกว่ารัฐพยายามประชาสัมพันธ์ให้ผู้คนเกิดความตื่นตัวในการป้องกันไวรัส ขอบคุณกองทัพบกที่พยายามประชาสัมพันธ์ให้คนไทยได้รับรู้มากขึ้น #ไวรัสโคโรนา #ไวรัสอู่ฮั่น #รัฐบาลเตรียมพร้อม #เสพสื่ออย่างมีสติ #อย่าตื่นตระหนก,2020-01-31 4:10:54,30,4,1032,,502,1220152441666039808,2020-01-22 17:13:00,35 days 06:47:00.000000000,35
1,1,1,KI36bsxg8ozf6bg,ชัย สุขกายสบายใจ,"ขอบคุณสื่อดีๆ ดูแล้วเข้าใจง่ายครับ
#รัฐบาลเตรียมพร้อม",2020-02-03 16:46:30,36,22,2673,,770,1201755584225107968,2019-12-02 22:50:00,86 days 01:10:00.000000000,86
1,1,1,Kookik74803475,ส้มเองค่ะ,ทหารมาแล้วค๊า #รัฐบาลเตรียมพร้อม #เสพสื่ออย่างมีสติ #ไวรัสโคโรน่าสายพันธุ์ใหม่2019 #ไวรัสอู่ฮั่น,2020-01-30 8:40:33,107,12,1318,,562,1214376883946573824,2020-01-06 18:43:00,51 days 05:17:00.000000000,51
1,1,1,thaiprong,รวมใจไทยปรองดอง,"อีกด้านหนึ่งของสังคมไทย ที่ได้มองเห็นแล้วก็รู้สึกได้ว่า #แผ่นดินไทยไม่สิ้นคนดี ฉะนั้นเรามาร่วมใจกันสรา้งสังคมให้น่าอยู่ดีกว่าไหม. #ไวรัสโคโรนาสายพันธุ์ใหม่2019
#ไวรัสอู่ฮั่น
#รัฐบาลเตรียมพร้อม
#เสพสื่ออย่างมีสติ
#อย่าตื่นตระหนกhttps://twitter.com/onenews31/status/1221816691409084418 …",2020-01-28 8:26:36,304,99,78,,395,1209024400651014144,2019-12-23 00:14:00,65 days 23:46:00.000000000,65
0,0,0,paula_tanitha,tanitha tuan 段楚贞58,"ไม่อยากได้ยินคำนี้เลย ติดแล้วจากคนสู่คนในไทย และคนนั้นขับแท็กซี่ แล้วคนที่นั่งต่อจากคนจีน จะรอดม่ะ ตอนนี้ ม่ายระบาดต่อแล้วเหรอ 
#รัฐบาลเตรียมพร้อม
#ไวรัสโคโรนาสายพันธุ์ใหม่pic.twitter.com/2Gv0L6yg2O",2020-01-31 10:52:02,570,73,9009,Bangkok,9766,843637289624383488,2017-03-19 18:36:00,1074 days 05:24:00.000000000,1074
1,1,1,8eepMREvdoDjIcs,ศักดิ์สิทธิ์,"ตามข่าวเเละคัดกรองข่าวดีๆ
#ไวรัสโคโรนา
#ไวรัสอู่ฮั่น
#รัฐบาลเตรียมพร้อม
#เสพสื่ออย่างมีสติ
#อย่าตื่นตระหนก",2020-02-06 2:44:42,86,2,663,,328,1224184616346509312,2020-02-02 20:15:00,24 days 03:45:00.000000000,24
1,1,1,sakonkob2,sakonkob,"ข่าวปลอมครับ
ใช้วิจารณญาณในการวิเคราะห์ด้วยน่ะครับ
ควรเชื่อแหล่งข่าวที่เชื่อถือได้
#ไวรัสโคโรนา
#ไวรัสอู่ฮั่น
#รัฐบาลเตรียมพร้อม
#เสพสื่ออย่างมีสติ
#อย่าตื่นตระหนก
#Fakenews
#ข่าวปลอมhttps://twitter.com/AFNCThailand/status/1222793660908965890 …",2020-01-30 13:33:12,35,2,28,,26,866978782556471296,2017-05-23 04:27:00,1009 days 19:33:00.000000000,1009
1,1,1,trueman98587845,trueman,คุณหญิง แมร่งออกตัวแรงตั้งแต่ ข่าว Fake ละสร้างสถานการณ์ได้แบบมีคนเชื่อด้วยนะ อันที่จริงแมร่งน่าจะร่วมมือกันระหว่างฝ่ายค้านกับรัฐบาลทำงาน นี่อะไรด่ากันไปด่ากันมา #ไวรัสโคโรนา #ไวรัสอู่ฮั่น #รัฐบาลเตรียมพร้อม #เสพสื่ออย่างมีสติ #อย่าตื่นตระหนก #ทหารที่พึ่งของประชาชนทุกโอกาส,2020-01-28 13:00:49,30,4,1032,,502,1220152441666039808,2020-01-22 17:13:00,35 days 06:47:00.000000000,35
1,1,1,daengbile436,แดง ไบเล่,"ข่าวปลอม  ไม่จริง ไม่ควรแชร์ต่อ
#ไวรัสโคโรนา
#ไวรัสอู่ฮั่น
#รัฐบาลเตรียมพร้อม
#เสพสื่ออย่างมีสติ
#อย่าตื่นตระหนกhttps://twitter.com/daengbile436/status/1222364521496317954 …",2020-01-29 3:45:55,38,5,1234,,21,1219487869049307136,2020-01-20 21:12:00,37 days 02:48:00.000000000,37
1,1,1,KI36bsxg8ozf6bg,ชัย สุขกายสบายใจ,"ใช่ครับ ดูเจ้าหน้าที่รัฐตั้งใจ ในการทำมาก
#รัฐบาลเตรียมพร้อม",2020-02-05 5:41:09,36,22,2673,,770,1201755584225107968,2019-12-02 22:50:00,86 days 01:10:00.000000000,86
1,1,1,trueman98587845,trueman,และจีนก็กลัวว่าขนกลับมามาแพร่เชื้อ จีนโดนด่าอีก ปล่อยไปได้ไง จะมีแต่พวก ออกมารัวๆ อ้าง ว่ามีคนอยากกลับบ้าน #ไวรัสโคโรนา #ไวรัสอู่ฮั่น #รัฐบาลเตรียมพร้อม #เสพสื่ออย่างมีสติ #อย่าตื่นตระหนก #ทหารที่พึ่งของประชาชนทุกโอกาส,2020-01-28 12:36:27,30,4,1032,,502,1220152441666039808,2020-01-22 17:13:00,35 days 06:47:00.000000000,35
1,1,1,tawannak32,ทวารหนัก,"ข่าวปลอมครับ
ใช้วิจารณญาณในการวิเคราะห์ด้วยน่ะครับ
ควรเชื่อแหล่งข่าวที่เชื่อถือได้
#ไวรัสโคโรนา
#ไวรัสอู่ฮั่น
#รัฐบาลเตรียมพร้อม
#เสพสื่ออย่างมีสติ
#อย่าตื่นตระหนก
#Fakenews
#ข่าวปลอมhttps://twitter.com/AFNCThailand/status/1222825337588838400 …",2020-01-30 13:34:17,34,5,107,,8,1212927650873786368,2020-01-02 18:44:00,55 days 05:16:00.000000000,55
1,1,1,daengbile436,แดง ไบเล่,"ข่าวปลอม  ไม่จริง ไม่ควรแชร์ต่อ
#ไวรัสโคโรนา
#ไวรัสอู่ฮั่น
#รัฐบาลเตรียมพร้อม
#เสพสื่ออย่างมีสติ
#อย่าตื่นตระหนกhttps://twitter.com/daengbile436/status/1222364720365232128 …",2020-01-29 3:47:03,38,5,1234,,21,1219487869049307136,2020-01-20 21:12:00,37 days 02:48:00.000000000,37
1,1,1,KI36bsxg8ozf6bg,ชัย สุขกายสบายใจ,"เจ้าหน้าที่รัฐ ทุ่มเท ให้การทำหน้าที่ ขอชื่นชมครับ
#รัฐบาลเตรียมพร้อม",2020-02-03 16:24:12,36,22,2673,,770,1201755584225107968,2019-12-02 22:50:00,86 days 01:10:00.000000000,86
1,1,1,trueman98587845,trueman,กระผมหนึ่งในพลเมืองคนไทย ขอเป็นกำลังใจให้คุณหมอ และทีมงานทุกๆท่านที่ทำหน้าอยู่ ณ จุดแสกนคัดกรอง ขอส่งกำลังใจให้พวกท่าน ขอให้พวกท่านทุกคนปลอดภัย ด้วยรักและห่วงใย #ไวรัสโคโรนา #ไวรัสอู่ฮั่น #รัฐบาลเตรียมพร้อม #เสพสื่ออย่างมีสติ #อย่าตื่นตระหนก,2020-01-31 3:46:25,30,4,1032,,502,1220152441666039808,2020-01-22 17:13:00,35 days 06:47:00.000000000,35
1,1,1,tawannak32,ทวารหนัก,"ข่าวปลอมครับ
ใช้วิจารณญาณในการวิเคราะห์ด้วยน่ะครับ
ควรเชื่อแหล่งข่าวที่เชื่อถือได้
#ไวรัสโคโรนา
#ไวรัสอู่ฮั่น
#รัฐบาลเตรียมพร้อม
#เสพสื่ออย่างมีสติ
#อย่าตื่นตระหนก
#Fakenews
#ข่าวปลอมhttps://twitter.com/AFNCThailand/status/1222872294944464902 …",2020-01-30 13:34:06,34,5,107,,8,1212927650873786368,2020-01-02 18:44:00,55 days 05:16:00.000000000,55
1,1,1,trueman98587845,trueman,คุณหญิง แมร่งออกตัวแรงตั้งแต่ ข่าว Fake ละสร้างสถานการณ์ได้แบบมีคนเชื่อด้วยนะ อันที่จริงแมร่งน่าจะร่วมมือกันระหว่างฝ่ายค้านกับรัฐบาลทำงาน นี่อะไรด่ากันไปด่ากันมา #ไวรัสโคโรนา #ไวรัสอู่ฮั่น #รัฐบาลเตรียมพร้อม #เสพสื่ออย่างมีสติ #อย่าตื่นตระหนก #ทหารที่พึ่งของประชาชนทุกโอกาส,2020-01-28 13:00:38,30,4,1032,,502,1220152441666039808,2020-01-22 17:13:00,35 days 06:47:00.000000000,35
1,1,1,8eepMREvdoDjIcs,ศักดิ์สิทธิ์,"ตามข่าวเเละคัดกรองข่าวดีๆ
#ไวรัสโคโรนา
#ไวรัสอู่ฮั่น
#รัฐบาลเตรียมพร้อม
#เสพสื่ออย่างมีสติ
#อย่าตื่นตระหนก",2020-02-06 2:44:42,86,2,663,,328,1224184616346509312,2020-02-02 20:15:00,24 days 03:45:00.000000000,24
1,0,1,8eepMREvdoDjIcs,ศักดิ์สิทธิ์,"หมอไทยเก่งจริงๆ
#ไวรัสโคโรนา
#ไวรัสอู่ฮั่น
#รัฐบาลเตรียมพร้อม
#เสพสื่ออย่างมีสติ
#อย่าตื่นตระหนก",2020-02-06 2:50:31,86,2,663,,328,1224184616346509312,2020-02-02 20:15:00,24 days 03:45:00.000000000,24
1,1,1,daengbile436,แดง ไบเล่,"ข่าวปลอม  ไม่จริง ไม่ควรแชร์ต่อ
#ไวรัสโคโรนา
#ไวรัสอู่ฮั่น
#รัฐบาลเตรียมพร้อม
#เสพสื่ออย่างมีสติ
#อย่าตื่นตระหนกhttps://twitter.com/daengbile436/status/1222364272761507841 …",2020-01-29 3:46:18,38,5,1234,,21,1219487869049307136,2020-01-20 21:12:00,37 days 02:48:00.000000000,37
1,1,1,sakonkob2,sakonkob,"ข่าวปลอมครับ
ใช้วิจารณญาณในการวิเคราะห์ด้วยน่ะครับ
ควรเชื่อแหล่งข่าวที่เชื่อถือได้
#ไวรัสโคโรนา
#ไวรัสอู่ฮั่น
#รัฐบาลเตรียมพร้อม
#เสพสื่ออย่างมีสติ
#อย่าตื่นตระหนก
#Fakenews
#ข่าวปลอมhttps://twitter.com/AFNCThailand/status/1222825337588838400 …",2020-01-30 13:32:51,35,2,28,,26,866978782556471296,2017-05-23 04:27:00,1009 days 19:33:00.000000000,1009
1,1,1,8eepMREvdoDjIcs,ศักดิ์สิทธิ์,"ทำงานกันเป็นระบบดีมาก
#ไวรัสโคโรนา
#ไวรัสอู่ฮั่น
#รัฐบาลเตรียมพร้อม
#เสพสื่ออย่างมีสติ
#อย่าตื่นตระหนก",2020-02-06 2:41:30,86,2,663,,328,1224184616346509312,2020-02-02 20:15:00,24 days 03:45:00.000000000,24
1,1,1,KI36bsxg8ozf6bg,ชัย สุขกายสบายใจ,"เมื่อเกิดปัญหา เจ้าหน้าที่รัฐ ต้องใส่ ใจ แบบที่ทำอย่างนี้ นะครับ
#เรารักทหาร
#รัฐบาลเตรียมพร้อม",2020-02-03 16:44:22,36,22,2673,,770,1201755584225107968,2019-12-02 22:50:00,86 days 01:10:00.000000000,86
1,1,1,daengbile436,แดง ไบเล่,"ข่าวปลอม  ไม่จริง ไม่ควรแชร์ต่อ
#ไวรัสโคโรนา
#ไวรัสอู่ฮั่น
#รัฐบาลเตรียมพร้อม
#เสพสื่ออย่างมีสติ
#อย่าตื่นตระหนกhttps://twitter.com/daengbile436/status/1222364458057519104 …",2020-01-29 3:46:39,38,5,1234,,21,1219487869049307136,2020-01-20 21:12:00,37 days 02:48:00.000000000,37
1,1,1,KI36bsxg8ozf6bg,ชัย สุขกายสบายใจ,"ใช่ครับ ดูเจ้าหน้าที่รัฐตั้งใจ ในการทำมาก
#รัฐบาลเตรียมพร้อม",2020-02-05 5:41:09,36,22,2673,,770,1201755584225107968,2019-12-02 22:50:00,86 days 01:10:00.000000000,86
1,1,1,trueman98587845,trueman,ต้องบอกว่ารัฐพยายามประชาสัมพันธ์ให้ผู้คนเกิดความตื่นตัวในการป้องกันไวรัส #ไวรัสโคโรนา #ไวรัสอู่ฮั่น #รัฐบาลเตรียมพร้อม #เสพสื่ออย่างมีสติ #อย่าตื่นตระหนก สธ.ต้องเร็วต่อข่าวสารคิดว่า แถลงตอนเย็น ไม่พอ ท่านต้องพยายาม ออกสัก 3 เวลา ผู้คนจะได้อุ่นใจhttps://twitter.com/prayutofficial/status/1222450603957186560 …,2020-01-31 3:28:00,30,4,1032,,502,1220152441666039808,2020-01-22 17:13:00,35 days 06:47:00.000000000,35
1,1,1,trueman98587845,trueman,คุณหญิง แมร่งออกตัวแรงตั้งแต่ ข่าว Fake ละสร้างสถานการณ์ได้แบบมีคนเชื่อด้วยนะ อันที่จริงแมร่งน่าจะร่วมมือกันระหว่างฝ่ายค้านกับรัฐบาลทำงาน นี่อะไรด่ากันไปด่ากันมา #ไวรัสโคโรนา #ไวรัสอู่ฮั่น #รัฐบาลเตรียมพร้อม #เสพสื่ออย่างมีสติ #อย่าตื่นตระหนก #ทหารที่พึ่งของประชาชนทุกโอกาสhttps://twitter.com/ThaksinsLife/status/1222118721457549313 …,2020-01-28 13:00:55,30,4,1032,,502,1220152441666039808,2020-01-22 17:13:00,35 days 06:47:00.000000000,35
1,1,1,8eepMREvdoDjIcs,ศักดิ์สิทธิ์,"เป็นกำลังใจให้ทุกท่าน
#ไวรัสโคโรนา
#ไวรัสอู่ฮั่น
#รัฐบาลเตรียมพร้อม
#เสพสื่ออย่างมีสติ
#อย่าตื่นตระหนก",2020-02-06 2:45:40,86,2,663,,328,1224184616346509312,2020-02-02 20:15:00,24 days 03:45:00.000000000,24
1,1,1,trueman98587845,trueman,และจีนก็กลัวว่าขนกลับมามาแพร่เชื้อ จีนโดนด่าอีก ปล่อยไปได้ไง จะมีแต่พวก ออกมารัวๆ อ้าง ว่ามีคนอยากกลับบ้าน #ไวรัสโคโรนา #ไวรัสอู่ฮั่น #รัฐบาลเตรียมพร้อม #เสพสื่ออย่างมีสติ #อย่าตื่นตระหนก #ทหารที่พึ่งของประชาชนทุกโอกาสhttps://twitter.com/Itsara_Th/status/1222125603253440513 …,2020-01-28 12:36:36,30,4,1032,,502,1220152441666039808,2020-01-22 17:13:00,35 days 06:47:00.000000000,35
1,1,1,daengbile436,แดง ไบเล่,"ข่าวปลอม  ไม่จริง ไม่ควรแชร์ต่อ
#ไวรัสโคโรนา
#ไวรัสอู่ฮั่น
#รัฐบาลเตรียมพร้อม
#เสพสื่ออย่างมีสติ
#อย่าตื่นตระหนกhttps://twitter.com/daengbile436/status/1222364720365232128 …",2020-01-29 3:47:03,38,5,1234,,21,1219487869049307136,2020-01-20 21:12:00,37 days 02:48:00.000000000,37
1,1,1,KI36bsxg8ozf6bg,ชัย สุขกายสบายใจ,"ขอบคุณสื่อดีๆ ดูแล้วเข้าใจง่ายครับ
#รัฐบาลเตรียมพร้อม",2020-02-03 16:46:30,36,22,2673,,770,1201755584225107968,2019-12-02 22:50:00,86 days 01:10:00.000000000,86
1,1,1,narathon1982,Narathon1982,กระผมหนึ่งในพลเมืองคนไทย ขอเป็นกำลังใจให้คุณหมอ และทีมงานทุกๆท่านที่ทำหน้าอยู่ ณ คัดกรอง ขอส่งกำลังใจให้พวกท่าน ขอให้พวกท่านทุกคนปลอดภัย  #ไวรัสโคโรนา #ไวรัสอู่ฮั่น #รัฐบาลเตรียมพร้อม #เสพสื่ออย่างมีสติ #อย่าตื่นตระหนก,2020-02-01 1:34:30,48,2,143,,162,1204319952833925120,2019-12-10 00:40:00,78 days 23:20:00.000000000,78
0,1,1,Talone86913539,Talone,ต้องบอกว่ารัฐพยายามประชาสัมพันธ์ให้ผู้คนเกิดความตื่นตัวในการป้องกันไวรัส ขอบคุณกองทัพบกที่พยายามประชาสัมพันธ์ให้คนไทยได้รับรู้มากขึ้น #ไวรัสโคโรนา #ไวรัสอู่ฮั่น #รัฐบาลเตรียมพร้อม #เสพสื่ออย่างมีสติ #อย่าตื่นตระหนก,2020-02-01 6:18:07,123,4,234,,173,1201739583513231360,2019-12-02 21:47:00,86 days 02:13:00.000000000,86
1,1,1,trueman98587845,trueman,ต้องบอกว่ารัฐพยายามประชาสัมพันธ์ให้ผู้คนเกิดความตื่นตัวในการป้องกันไวรัส ขอบคุณกองทัพบกที่พยายามประชาสัมพันธ์ให้คนไทยได้รับรู้มากขึ้น #ไวรัสโคโรนา #ไวรัสอู่ฮั่น #รัฐบาลเตรียมพร้อม #เสพสื่ออย่างมีสติ #อย่าตื่นตระหนก,2020-01-29 6:11:37,30,4,1032,,502,1220152441666039808,2020-01-22 17:13:00,35 days 06:47:00.000000000,35
1,1,1,trueman98587845,trueman,ต้องบอกว่ารัฐพยายามประชาสัมพันธ์ให้ผู้คนเกิดความตื่นตัวในการป้องกันไวรัส ขอบคุณกองทัพบกที่พยายามประชาสัมพันธ์ให้คนไทยได้รับรู้มากขึ้น #ไวรัสโคโรนา #ไวรัสอู่ฮั่น #รัฐบาลเตรียมพร้อม #เสพสื่ออย่างมีสติ #อย่าตื่นตระหนก,2020-01-29 6:11:37,30,4,1032,,502,1220152441666039808,2020-01-22 17:13:00,35 days 06:47:00.000000000,35
1,1,1,trueman98587845,trueman,กระผมหนึ่งในพลเมืองคนไทย ขอเป็นกำลังใจให้คุณหมอ และทีมงานทุกๆท่านที่ทำหน้าอยู่ ณ จุดแสกนคัดกรอง ขอส่งกำลังใจให้พวกท่าน ขอให้พวกท่านทุกคนปลอดภัย ด้วยรักและห่วงใย #ไวรัสโคโรนา #ไวรัสอู่ฮั่น #รัฐบาลเตรียมพร้อม #เสพสื่ออย่างมีสติ #อย่าตื่นตระหนกhttps://twitter.com/DrNarumonP/status/1222430531364638721 …,2020-01-30 2:57:37,30,4,1032,,502,1220152441666039808,2020-01-22 17:13:00,35 days 06:47:00.000000000,35
1,1,1,tawannak32,ทวารหนัก,"ข่าวปลอมครับ ในเรื่องไวรัสโคโรนา มีข่าวปลอมจำนวนมาก ควรวิเคราะห์ก่อนจะตกลงใจชื่อข่าวนั้นๆ หรือควรอ่านข่าวจากแหล่งที่เชื่อถือได้ครับ
#ไวรัสโคโรนา
#ไวรัสอู่ฮั่น
#รัฐบาลเตรียมพร้อม
#เสพสื่ออย่างมีสติ
#อย่าตื่นตระหนก
#Fakenews
#ข่าวปลอมhttps://twitter.com/AFNCThailand/status/1222476916264849408 …",2020-01-29 12:37:52,34,5,107,,8,1212927650873786368,2020-01-02 18:44:00,55 days 05:16:00.000000000,55
1,1,1,KI36bsxg8ozf6bg,ชัย สุขกายสบายใจ,"ดูข่าวให้ดี อย่าเชื่อข่าวปลอม แล้วค่อยมาแสดงึวาทคิดเห็นนะครับ
#รัฐบาลเตรียมพร้อม",2020-02-02 17:52:19,36,22,2673,,770,1201755584225107968,2019-12-02 22:50:00,86 days 01:10:00.000000000,86
0,0,0,PcBuurin,Buurin.PC,"คำด่าชั่งดูน่ารักอ่อนโยน ""ไอ้ต้าวหน้าหี"" #รัฐบาลเตรียมพร้อม https://twitter.com/Epp95XeuzzJkh2Z/status/1228100521501741057 …",2020-02-14 6:32:18,46,2,244,,814,1112958982996418560,2019-04-01 23:04:00,331 days 00:56:00.000000000,331
0,0,0,autto002,Love Beach,หมดยุคกลัวม๊อป กลัวพวกยิงปืนดีกว่า ตอนยิงมันไม่เลือกนะว่าใครฝั่งไหน #รัฐบาลเตรียมพร้อม,2020-02-14 4:35:28,212,164,93469,Thailand,2046,69548600,2009-08-28 02:31:00,3834 days 21:29:00.000000000,3834
0,0,0,nongmel,Mel,สภาพคุณเมื่อเห็นแท็ค #รัฐบาลเตรียมพร้อม พร้อมเรื่องไหนพร้อมอะไรนึกพร้อมออกอยู่อย่างเดียวคือรูปนี้ เอด๊อกกกก pic.twitter.com/cBfjUnayFa,2020-02-13 17:20:31,179,29,266,,119,199297764,2010-10-06 07:28:00,3430 days 16:32:00.000000000,3430
0,0,0,zero_phet,รีวิวหยาบโกอินเตอร์,"เกิดเหตุกราดยิงที่ ซอยจุฬา เกิดเหตุกราดยิงที่ ซอยจุฬา
เกิดเหตุกราดยิงที่ ซอยจุฬา
เกิดเหตุกราดยิงที่ ซอยจุฬา
เกิดเหตุกราดยิงที่ ซอยจุฬา
เกิดเหตุกราดยิงที่ ซอยจุฬา
เกิดเหตุกราดยิงที่ ซอยจุฬา #รัฐบาลเตรียมพร้อม",2020-02-14 2:44:08,426,190,2017,กรุงเทพ,269,807424587268898816,2016-12-09 19:19:00,1174 days 04:41:00.000000000,1174
0,0,0,pimploy36,พลอยเสียว,#รัฐบาลเตรียมพร้อม ประชาชนพร้อมบวกแล้วจร้าาาา,2020-02-13 22:58:54,315,518,1740,"bkk, Thailand",185,3146201130,2015-04-09 07:45:00,1784 days 16:15:00.000000000,1784
0,0,0,weloveeveryone5,น้องกูสเบื่อลุงตู่และพปชร,"อยากให้ปฏิรูป​กองทัพจริงๆนะ  อยากให้พวกเขามีชีวิตที่ดีขึ้น  ไอ้พวกทหารห้องแอร์กับในสภารวยล้นฟ้า  ส่วนทหารระดับล่างโดนหักเบี้ยเลี้ยง​ ไม่ยุติธรรม​เอาซะเลย
#รัฐบาลเตรียมพร้อม #ประชุมสภา #กองทัพhttps://twitter.com/noname_8/status/1228092348959035397 …",2020-02-14 1:37:56,35,135,5474,,16557,1098428092534579200,2019-02-20 19:43:00,371 days 04:17:00.000000000,371
0,0,0,Gavroch2557,amore,#รัฐบาลเตรียมพร้อม ถ้ารัฐจะทำสงครามไอโอจริงๆ มึงสร้างแอคที่เชื่อถือได้ คนที่พูดจามีตรรกะ แล้วให้ข่าวสารที่มีข้อมูลจริงไม่จ้อจี้ ไม่ใช่พลทหารสมองนิ่มๆ ioมึงมีจำนวนเยอะไปก็แค่นั้นแหละ ตอบมาแต่ละเรื่องคือง่าวแท้,2020-02-15 2:00:29,287,80,64508,ภพภูมิมนุษย์,2138,2534252755,2014-05-29 22:32:00,2099 days 01:28:00.000000000,2099
0,0,0,Sarah40862521,Sarah,อะไรว่ะเนี่ยประเทศไทยมันกำลังเกิดอะไรขึ้นเดี่ยวก็ยิงกันเดี่ยวก็ฆ่ากันมีให้เห็นทุกวัน ประเทศไทยเริ่มน่ากลัวขึ้นทุกวันเริ่มไม่น่าอยู่ซะแล้วเราว่าต้องมีนักจิตวิทยาเข้ามาช่วยดูแลแล้วละไม่นั้นประเทศไทยต้องเจอเหตุการณ์แบบนี้อีกกี่ครั้ง #จุฬาซอย10 #รัฐบาลเตรียมพร้อม #ยิงกลางกรุงpic.twitter.com/UN5wvpLGwi,2020-02-14 3:49:35,206,24,1037,,475,1191298808749015040,2019-11-04 02:22:00,114 days 21:38:00.000000000,114
0,0,0,pooneyz,PNPNPN,ไปมุงกันจย้าาา ช่วยละนะ +1 #รัฐบาลเตรียมพร้อม https://twitter.com/noirisaesthetic/status/1228131733377175554 …,2020-02-14 5:50:20,110,95,1465,,4076,98192337,2009-12-20 11:54:00,3720 days 12:06:00.000000000,3720
0,0,0,cubic_lady,มานะบากบั่น,จริงๆเงินก็มีเยอะแยะบ้านหลังเดียว น่าจะเป็นเรื่องความปลอดภัยเลยอยู่ในค่ายดีกว่า  #รัฐบาลเตรียมพร้อม,2020-02-14 2:50:35,59,11,5410,,2935,831880501497458688,2017-02-15 06:59:00,1106 days 17:01:00.000000000,1106
0,0,0,lQX6GbdAMAlP33r,รพินทร์ ไพลวัลล์,"สมองหมา ปัญญาควายจริงๆ
#รัฐบาลเตรียมพร้อม",2020-02-13 23:22:26,5,1,53,,386,1187906985200508928,2019-10-25 18:41:00,124 days 05:19:00.000000000,124
0,0,0,RBookgoon,Ravee Bookgoon,"#รัฐบาลเตรียมพร้อม เดี๋ยวนะ....
ประชาชนใน#นี้ ได้นอนกันป่ะเนี่ย
ทำไมประชาชนน่ารักกันขนาดนี้ 
ถ้าเราเป็นIO เราตื้นตันน้ำตาไหลแล้วนะ
ประทับใจมาก",2020-02-14 1:30:03,107,53,8704,,15864,1095202032082800640,2019-02-11 22:04:00,380 days 01:56:00.000000000,380
0,0,0,babyin0227x,;,#รัฐบาลเตรียมพร้อม พร้อมอะไรอ่ะ พร้อมเด้งเหรอ อ่อ คงไม่ มีคนหนุนหัวอยู่นี่น่า,2020-02-16 16:21:01,187,7,4398,ในใจเตงจรื้อ,195,1175035664187842560,2019-09-20 06:15:00,159 days 17:45:00.000000000,159
0,0,0,LINHOON_HL,พี่หลินของแม่(คิดถึงควานลินมาก),แย่มาก ตั้งแต่เกิดมาจนถึงตอนนี้มันแย่จริงๆ รัฐบาลแย่ที่สุด #รัฐบาลเตรียมพร้อม,2020-02-13 23:30:12,98,15,20453,,1611,1010346883225513984,2018-06-22 19:20:00,614 days 04:40:00.000000000,614
0,0,0,gainngam, 🌸จ้าวแก้มนิ่มของแม่ 🌸,ผู้นำโง่เราจะตายกันหมด มันเห็นได้จากรัฐบาลชุดนี้  #รัฐบาลเตรียมพร้อม พร้อมพากันไปตายสิ ไอ้ควายยยย,2020-02-14 2:32:10,180,53,46842,,12563,2381580883,2014-03-09 22:25:00,2180 days 01:35:00.000000000,2180
0,0,0,nikron45566978, 🎊BLACKPINK 🎊,"เห็นคลิปนี้น้ำตาแทบไหล เหตุ #กราดยิงที่โคราช #รัฐบาลเตรียมพร้อม
#วาเลนไทน์2020
#พักก่อนhttp://www.socialhot24.com/news103274.html?d=14022020&f=87898 …",2020-02-14 4:26:37,407,112,121,"Bangkok, Thailand",97,1203160789411979264,2019-12-06 19:54:00,82 days 04:06:00.000000000,82
0,0,0,iambenn,ผนงรจตกม,#รัฐบาลเตรียมพร้อม ให้อดีตทหาร รับผลประโยชน์ต่อไปทั้ง ๆ ที่แต่ละรวยไม่รู้เท่าไรจากการซื้ออาวุธ และคอรัปชั่นงบประมาณรัฐเช่น ให้กู้ที่ดิน ของจ่าคลั่ง #กราดยิงที่โคราชhttps://twitter.com/Thaikorn1/status/1228123198257942529 …,2020-02-14 1:10:54,2359,529,20987,Thailand,8963,50679681,2009-06-25 08:42:00,3898 days 15:18:00.000000000,3898
0,0,0,phetnuanphan,เพ็ญศรีเลี้ยงแมวอยู่บ้านสบายจุย,เหมือนปั่นแท็กให้ชาวทวิตมาด่า ขอบคุณจ้า #รัฐบาลเตรียมพร้อม,2020-02-14 7:22:29,179,64,5991,ไทย,2035,3145810688,2015-04-09 00:46:00,1784 days 23:14:00.000000000,1784
0,0,0,MetalSolidX1,MetalSolidX,ถ้าปชชโง่ จะคุมคนได้ง่ายขึ้น สวัสดิการรักษาน้อยลง เก็บเงินจากค่ารักษาได้แพงขึ้น แดกภาษีได้ง่ายขึ้น สุดท้ายงบลงที่พวกมึงหมด #ผบทบต้องลาออก #รัฐบาลเตรียมพร้อม #พนงรจตกม,2020-02-15 18:40:12,2444,43,5106,,12960,1000753516854427648,2018-05-27 08:00:00,640 days 16:00:00.000000000,640
0,0,0,M_Slotty,ใจท้ออยากเข้าเอกชน,#รัฐบาลเตรียมพร้อม ยุบวงใช่มั้ยคะ? หมดสัญญาแล้วหรอคะ?,2020-02-14 2:26:11,138,36,8968,JMV house,3665,911912605379203072,2017-09-24 04:18:00,885 days 19:42:00.000000000,885
0,0,0,aijungko,chanabrand,พร้อมนำพาความฉิบหาย เอาเปรียบประชาชน แดรกเงินภาษีประชาชนคือพร้อมมาก อีดอก #รัฐบาลเตรียมพร้อม,2020-02-13 16:33:27,2,28,141,"Suan Luang, Bangkok",526,975833985665318912,2018-03-19 13:38:00,709 days 10:22:00.000000000,709
0,0,0,pakkhomz,ooooo,ทุกวันยอมรับว่าการด่ารัฐบาลกลายเป็นความสุขอย่างหนึ่งของผมไปแล้ว55555 #รัฐบาลเตรียมพร้อม pic.twitter.com/GJ7Zkok8JV,2020-02-13 21:14:01,107,2,163,,167,904182377659850752,2017-09-02 20:20:00,907 days 03:40:00.000000000,907
0,0,0,pweepd,อั่ยดื้อจบม  🍓,มึงเตรียมอะไรวะ ไม่เคยเห็นมึฃเตรียมอะไรสักอย่าง  #รัฐบาลเตรียมพร้อม,2020-02-14 0:56:35,358,21,20583,Waiting for RAJAMAGALA,452,1179609575177064448,2019-10-02 21:10:00,147 days 02:50:00.000000000,147
1,1,1,Pee78092209,rich,"""เป็นเรื่องดี ที่คนไทยทุกคน จะได้รับรู้เกี่ยวกับประวัติศาสตร์ และความเป็นมา ไม่ได้ต้องการแปลไปในเจตนาอื่น"" โปรดจำให้ขึ้นใจนะครับ
#รัฐบาลเตรียมพร้อม",2020-02-16 16:18:00,190,4,493,,315,1227765375468572672,2020-02-12 17:24:00,14 days 06:36:00.000000000,14
1,1,1,Pee78092209,rich,คนไทยไม่ทิ้งกัน สถานการณ์นี้ต้องเห็นใจกัน #รัฐบาลเตรียมพร้อม,2020-02-13 5:35:16,190,4,493,,315,1227765375468572672,2020-02-12 17:24:00,14 days 06:36:00.000000000,14
0,0,0,kk46201373,แม่...  ขอตังค์หน่อยค่ะ,"วาเลนไทน์ปี 2020 
กุหลาบ  ไม่เอา  
ขอ... เสื้อเกราะกันกระสุนแทน  #จุฬาซอย10 #ValentinesDay2020 #รัฐบาลเตรียมพร้อม pic.twitter.com/YV2oCvEIbo",2020-02-14 2:55:27,10,6,89,บนโลก,43,990977498279112704,2018-04-30 08:33:00,667 days 15:27:00.000000000,667
0,0,0,Fai_Animajus, 🗝ᗋᴺᴵᴹ ᐞ Ġ ✿ † I ઽ † ᗋ Ỵ ⁷ ⁹ 🎧,ประเทศไทย ชีวิตดีดีที่ลงตัว #รัฐบาลเตรียมพร้อม #จุฬาซอย10,2020-02-14 4:00:00,629,692,61918,Thailand,135911,730189272792227840,2016-05-10 17:14:00,1387 days 06:46:00.000000000,1387
0,0,0,kapom76,เหนื่อย แต่ไม่ออก กรูหน้าด้าน #PrayuthGetOut,อันดับแรก มรึงออกจากบ้านหลวงก่อนเลย รวยก็รวย บ้านก็มี อย่าทำตัวเป็นปรสิตเกาะกินบ้านเมืองจากเงินภาษีประชาชน ไอ้ตอแหล #ปรสิต #รัฐบาลเตรียมพร้อม,2020-02-14 9:37:43,162,120,2164,"London, England",3288,763806540105154560,2016-08-11 11:37:00,1294 days 12:23:00.000000000,1294
0,0,0,notstoptoeat,โลกหมุนรอบจักรวาล  🙉 🙈 🙊,สงสัยที่บ้านไม่เคร่งมารยาท  #รัฐบาลเฮงซวย #รัฐบาลเตรียมพร้อม https://twitter.com/NoLungNoKaLa/status/1228063556869902336 …,2020-02-18 0:16:47,158,141,5419,,8440,1158198437768130560,2019-08-04 19:10:00,206 days 04:50:00.000000000,206
0,0,0,aD5RPbbiyPwN7Sd,เสียงหัวเราะของตัวตลก,"10ไฟเบอร์ดีท็อกซ์ดีต่อลำไสอาหารเสริมดีต่อสุขภาพ  #ดีต่อลำไส้ #เฌอสิค #อาหารเสริมดีๆ #ล้างลำไส้ #ถ่ายสบาย
#รัฐบาลเตรียมพร้อม …https://us-central1-thaishare-prod.cloudfunctions.net/app/udiz8bYQyTl9hnMJ9XnK?u=YNyvyLYX4vRlFdTxjdEZwcmpd3n2 …",2020-02-16 15:37:39,2,4,21,"Changwat Chiang Mai, Thailand",1,1043744900552908800,2018-09-22 23:12:00,522 days 00:48:00.000000000,522
0,0,0,Fm6Ufrzr0ZSWePa,happykhem,#รัฐบาลเตรียมพร้อม ขอให้ประชาชนผู้บริสุทธิ์ปลอดภัย,2020-02-14 3:02:35,3,1,72,,103,1177424168926601216,2019-09-26 20:26:00,153 days 03:34:00.000000000,153
0,0,0,_PlatinumPK, 🥑 🥦,พร้อมเหี้ยไรอะ #รัฐบาลเตรียมพร้อม,2020-02-13 18:32:08,14,11,7195,,7,1118155517518417920,2019-04-16 07:13:00,316 days 16:47:00.000000000,316
0,0,0,Tam_a_god,ตั้มอะก๊อด $¡r¥€$$¡r,เลือกตั้งใหม่เหรอ ผมก็พร้อมนะ รู้แล้วว่าอะไรเป็นอะไร #รัฐบาลเตรียมพร้อม,2020-02-14 1:10:44,47,33,242,"Bang Na, Bangkok",65,924948103,2012-11-04 01:33:00,2670 days 22:27:00.000000000,2670
0,0,0,Deejing4554,Pimnara,"เตรียมพร้อมมากเลยนะพวกมึงอ่ะ มีวิกฤตแต่ละที กูเห็นวิ่งกันหางจุกตูด แล้งมาตั้งหลายปีก็ยังแล้งต่อไป ฝนตกหนักทีน้ำท่วมเหมือนเดิมสุดท้ายก็มาเยียวยาน้ำท่วมอีก ไม่ต้องพูดถึงฝุ่นมีทุกปีแก้อะไรไม่ได้ 
มีพร้อมอย่างเดียวคือ...พร้อมจะแดก #รัฐบาลเตรียมพร้อม",2020-02-14 0:40:43,134,122,5214,"กรุงเทพมหานคร, ประเทศไทย",6193,850915667192684544,2017-04-08 20:37:00,1054 days 03:23:00.000000000,1054
0,0,0,juleejib,juleejib,เรามี รมต.กระทรวงแรงงานไว้ทำไม #รัฐบาลเตรียมพร้อม #รัฐบาลเฮ็งซวยhttps://twitter.com/VoiceTVOfficial/status/1230074776846262278 …,2020-02-19 11:41:59,149,6,546,"Bangkok, Thailand",4045,1123415611432812544,2019-04-30 19:35:00,302 days 04:25:00.000000000,302
0,0,0,pimploy36,พลอยเสียว,กินเงินเดือนภาษีมาตั้งหลายเดือน พวกมึงยังไม่พร้อมกันอีกหรอวะ โว้ยยยยย กูจะบ้า #รัฐบาลเตรียมพร้อม,2020-02-13 16:37:24,315,518,1740,"bkk, Thailand",185,3146201130,2015-04-09 07:45:00,1784 days 16:15:00.000000000,1784
0,0,0,_pxjr,ドヨン,ตลกชิบหาย สร้างแท็กมาปั่นความดีให้ตัวเอง อีคว้าย55555555 คนเค้าดูออก #รัฐบาลเตรียมพร้อม,2020-02-14 1:50:36,401,370,268785,"Ravenclaw, Hogwarts",6093,748068297300533248,2016-06-29 01:19:00,1337 days 22:41:00.000000000,1337
0,0,0,SEXSIMBERT,SamTERA,"เพราะพวกฝั่งรัฐบาลยังมัวแต่คิดว่ากระแสในโซเชียลมีเพราะแม้วเพราะธนาธรมันจ้างคนปั่น ไม่ยอมรับความจริง
พอคิดแบบนี้ก็เอางบไปลง ทำเพจ IO ปล่อยข่าวพยายามปั่น Tag อะไรโง่ๆจนโดนจับได้ไม่รู้กี่รอบละ เสียเงินไม่น้อยแล้วก็ไม่ได้อะไร ถ้าไม่โง่ก็ควรรู้ได้แล้วว่ามึงมาผิดทาง #รัฐบาลเตรียมพร้อม pic.twitter.com/rF7xURzlsl",2020-02-13 23:33:05,152,209,559,,49,784490224231387136,2016-10-07 13:26:00,1237 days 10:34:00.000000000,1237
0,0,0,Blue_Powerer,ㅌ 🌸ด้อมน้องเฟียสต้า,"อีดอก ประเทศไทยตอนนี้คือหาความปลอดภัยแยากแล้วอีเวน ยิงกันอีกแล้ว
#รัฐบาลเตรียมพร้อม",2020-02-14 2:52:29,28,6,316,,75,1056905367437754368,2018-10-29 06:47:00,485 days 17:13:00.000000000,485
0,0,0,tZnnm8HBDd2V8lk,สุรเกียรติ จิระวสุพันธุ์,กัมพูชาลุ้นแล้ว 20 คนรอพิสูจน์จากเรือสำราญ #รัฐบาลเตรียมพร้อม #COVID19 #รัฐบาลเตรียมพร้อม http://www.topicza.com/news103277.html?d=14022020&f=89241 …,2020-02-14 1:58:24,5,6,14,,2,1226484652719820800,2020-02-09 04:35:00,17 days 19:25:00.000000000,17
0,0,0,Jeongbyul_,Jeongbyul ทาสรักยูจองยอน,"ในเมื่อรบ.อุตส่าห์ให้IOสร้างแทคเพื่ออวยตัวเอง มาเดี๋ยวจะอวยให้นะ
=>> อิรบ.ส้นตรีน สร้างแต่ความชิบหาย เคยแหกตาดูไหมว่าเศรษฐกิจทุกวันนี้มันแย่แค่ไหน มีนายกก็เหมือนไม่มี สมองเท่าเด็กอนุบาล ทำตัวปัญญาอ่อนไม่สมวัย โกงกันหน้าด้านๆไม่อายฟ้าดิน  แค่นี้พอม้ะ?? #รัฐบาลเตรียมพร้อม",2020-02-13 23:30:48,402,598,51867,ประเทศไทย,4398,2885260338,2014-10-31 08:06:00,1944 days 15:54:00.000000000,1944
0,0,0,dkenwp10,D. 💚ᵂᵃʸⱽ,โง่ก็พากันลาออกไปอีควาย ยิ่งอยู่ยิ่งโชว์โง่ #รัฐบาลเตรียมพร้อม,2020-02-13 18:27:24,233,25,91539,ไม่เป็นแม่จะเป็นเมีย,975,2887208485,2014-11-02 00:46:00,1942 days 23:14:00.000000000,1942
0,0,0,Netflix4k2,Netflix4k,"ร้านเดียวกับ @WooWoo45446155
 อยู่มานาน ไม่ปิดร้านหนี 
Netflix UHD 4K 
 แอคแท้%
ตัดผ่านบัตร

โปร 1 เดือน 105 บาท
       35 วัน   115 บาท
       2 เดือน  200 บาท
#จุฬาซอย10 #ValentinesDay2020 #รัฐบาลเตรียมพร้อม #saveG #ตลาดนัดบังทันpic.twitter.com/Id3c0IOOrE",2020-02-14 5:33:39,1,12,475,,92,1071800958605176832,2018-12-09 08:17:00,444 days 15:43:00.000000000,444
0,0,0,DoctorEkk,doctor_ekk,"รัฐบาลญี่ปุ่นทุ่มงบประมาณในการแก้ปัญหา #โคโรน่าไวรัส #COVID19 มีวัตถุประสงค์ชัดเจน

สนับสนุนความพร้อมด้านชุดตรวจและการรักษา
เพิ่มกำลังการผลิตหน้ากากอนามัยสองเท่า
ช่วยเหลือธุรกิจขนาดกลางและเล็กที่ได้รับผลกระทบ

ในขณะที่รัฐบาลไทยนั้น... #รัฐบาลเตรียมพร้อม
https://edition.cnn.com/asia/live-news/coronavirus-outbreak-02-13-20-intl-hnk/h_0d6ee6d683b328cb0050460e51401c99 …",2020-02-14 1:39:21,119,4210,474,"Chiang Rai, Thailand",514,988394306359541760,2018-04-23 05:29:00,674 days 18:31:00.000000000,674
0,0,0,kanyaphatWinkw1,New,"สุดกลั้นน้ำตา หนุมานกองปราบ พูดกับ พี่น้องโคราชที่วิ่งหนีตาย 
#แคปชั่นอ่อย
#ป๋อตี้จ้านเกอ
#ป๋อจ้าน
#รัฐบาลเตรียมพร้อม
#คังแดเนียล
#จิ้นปีแสงhttp://www.socialhot24.com/news103274.html?d=14022020&f=85812 …",2020-02-14 3:10:49,1400,51,95,,223,1172444169727430656,2019-09-13 02:37:00,166 days 21:23:00.000000000,166
0,0,0,Awka13765835,Awka,ปชต.ที่ไม่มีการเลือกตั้ง? #รัฐบาลเฮ็งซวย #รัฐบาลเตรียมพร้อม https://twitter.com/OfficialJirat/status/1227473214063960066 …,2020-02-15 15:22:54,87,11,796,ทุกทรา,180,968507030309752832,2018-02-27 07:24:00,729 days 16:36:00.000000000,729
1,1,1,Pee78092209,rich,ทุกท่านทำดีเพือ่ประเทศชาติ หยุดอคติเถอะนะ #รัฐบาลเตรียมพร้อม,2020-02-15 6:38:31,190,4,493,,315,1227765375468572672,2020-02-12 17:24:00,14 days 06:36:00.000000000,14
0,0,0,sorkorlao,ซ้อขอเล่า,คนไทยเป็นอะไรกันหมด เห็นการคลั่งแล้วออกมายิงกราด เป็นเรื่องเท่ห์ จึงออกมาทำกันเยอะแยะงี้หรอ เคสแบบนี้คือจงใจสร้างความวุ่นวาย ตื่นตระหนกตกใจให้ประชาชนทั่วไป ควรจับขังเลย จัดให้หนัก #รัฐบาลเตรียมพร้อม,2020-02-14 9:03:41,689,29081,14228,,3742,1116699085166145536,2019-04-12 06:46:00,320 days 17:14:00.000000000,320
1,1,1,Pee78092209,rich,เชื่อในคำพูดของท่านครับ เหตุการณ์นี้ไม่มีใคร อยากให้เกิดขึ้น #เดินหน้าประเทศไทย ต่อไปครับ #รัฐบาลเตรียมพร้อม,2020-02-19 6:02:27,190,4,493,,315,1227765375468572672,2020-02-12 17:24:00,14 days 06:36:00.000000000,14
0,0,0,sputnic2000,อุลตร้าพระพุทธรูป,"อนาคตของชาติไทย
ไม่ได้อยู่ที่พรรคไหน
แต่อยู่ที่ทหารชั้นผู้น้อยกล้าหันกระบอกปืนใส่พวกนายพลเวลามันสั่งยิงปชชหรือไม่

#ยิงกลางกรุง
#รัฐบาลเตรียมพร้อม
#รัฐบาลเฮ็งซวย
#ทางออกประเทศไทย",2020-02-14 10:15:06,427,68,576,,385,3000995552,2015-01-29 02:06:00,1854 days 21:54:00.000000000,1854
0,0,0,looktarntontea2, ❄ ꇙꋊꄲꅐꊰ꒒ꋬꀘꏂ  ❄,"สว. นายกอยู่บ้านทหารต่อได้แม้เกษียรและรวยชิบหาย
พี่ที่รู้จักถามว่าเค้ารวยขนาดนั้นทำไมไม่ซื้อบ้านเอง
นี่เลยบอกเรื่งความปลอดภัยไงพี่ คนแบบแม่งไปไหนคนก็เกลียด สมมติมาอยู่ข้างบ้านหนู ถ้าเห็นมันมารดน้ำต้นไม้นะ นี่จะแอบเอาสายไฟเปลือยพันต้นไม้แม่ง รอดูไฟดูด เกลียด
#รัฐบาลเตรียมพร้อม",2020-02-13 23:57:49,295,9,7605,,4082,1136993330020069376,2019-06-07 06:48:00,264 days 17:12:00.000000000,264
0,0,0,SeniKameZz,JupiterZz,#รัฐบาลเตรียมพร้อม​โกงสิไม่ว่า,2020-02-14 2:26:54,11,9,896,,909,1110379822075699200,2019-03-25 20:15:00,338 days 03:45:00.000000000,338
0,0,0,twentyfine2,Preset Lightroom 79฿,"แต่งรูปง่ายๆด้วยคลิ๊กเดียวไม่ต้องปรับอะไร 
79 บาท 22 เซ็ต 158 โทน ( ปกติ 199 ) 
ถูกกว่านี้ไม่มีอีกแล้ว  
ใช้งานได้ทุกรุ่น 
ใช้งานได้ตลอดไม่หมดอายุ 
#ใช้ดีบอกต่อ #รีวิวเกาหลี #ValentinesDay2020 #ใจสลาย #รัฐบาลเตรียมพร้อม #saveGpic.twitter.com/5kfx0OOh5N",2020-02-14 4:02:09,17,7,17,,9,1227990230386364416,2020-02-13 08:17:00,13 days 15:43:00.000000000,13
0,0,0,bagieschop,block io เพจข่าวทุกกรณี,ลาออกได้แล้วอิสัด มึงจะรวยกันแค่นั้นรึไง #รัฐบาลเตรียมพร้อม,2020-02-13 17:41:52,10,5,588,,48,1107347467199090688,2019-03-17 11:26:00,346 days 12:34:00.000000000,346
0,0,0,oleefau,luvlili,#รัฐบาลเตรียมพร้อม พร้อมลาออกนะหรา,2020-02-14 3:56:39,39,3,47,,90,810868996228595712,2016-12-19 07:26:00,1164 days 16:34:00.000000000,1164
0,0,0,PP_PloyTw,LoveKura|ลูกสวยมากแม่!!|ขอให้ข้าได้5,"พร้อมไรวะ
 #รัฐบาลเตรียมพร้อม",2020-02-14 1:51:00,382,102,25785,ประเทศไทย,13586,850669472331386880,2017-04-08 04:19:00,1054 days 19:41:00.000000000,1054
0,0,0,benzbeaz_w,KJJ  😸 TY⁰⁰  😼 ft. 영웅 ⊕,เตรียมพร้อมมากี่ปีละควยเถอะ #รัฐบาลเตรียมพร้อม,2020-02-13 15:31:05,1844,860,271004,#หมู่บ้านด้อมปะดิ้วป่ะจ้ะ,12658,203177668,2010-10-15 11:10:00,3421 days 12:50:00.000000000,3421
0,0,0,SkyKlyn,SKY,"พวกมึงอยู่มาตั้ง 6 ปี มึงเพิ่งจะมาเตรียมพร้อมห่าเหวอะไรตอนนี้ ประเทศกูชิบหายถอนหลังลงคลองไปไหนต่อไหนแล้วอี่เหี้ย

 #รัฐบาลเตรียมพร้อม pic.twitter.com/4uNjUV0fy7",2020-02-14 2:52:28,296,213,111312,,37502,1608531120,2013-07-20 09:12:00,2412 days 14:48:00.000000000,2412
0,0,0,passive3,XAMS,"IO ทหารหลักสิบ , จะสู้กับประชาชนตาสว่างทั้ง 15 ล้านเสียง หรอ? 
#รัฐบาลเตรียมพร้อม #รัฐบาลเฮ็งซวย",2020-02-14 5:50:44,54,11,321,Thailand,527,323675059,2011-06-24 23:50:00,3169 days 00:10:00.000000000,3169
0,0,0,Huafuu_m,Huafuuu,อิหยังวะ #รัฐบาลเตรียมพร้อม,2020-02-13 17:08:10,174,21,1754,,1344,754318733170970624,2016-07-16 07:16:00,1320 days 16:44:00.000000000,1320
0,0,0,Chanach60882678,งม เขม...... 😳 😳 😳 โช่งนี้ยุในโหมด 😈,#รัฐบาลเตรียมพร้อม ใช้อำนาจคุกคามอย่างเต็มที่,2020-02-15 15:40:03,61,19,3941,,6176,1186874707737362432,2019-10-22 22:19:00,127 days 01:41:00.000000000,127
0,0,0,tweetymaywipwip,may 💙,#รัฐบาลเตรียมพร้อม โดนยึดแล้ว ้สียงด่ามากกว่าคำชม ก็ดูการทำงานที่ผ่านมาดิ,2020-02-14 2:23:41,300,336,135180,,326831,81066041,2009-10-09 01:59:00,3792 days 22:01:00.000000000,3792
0,0,0,ANTliis,B•baby…,พวก IO ก็คงไม่อยากจะโป๊ะแตกหรอก แต่เขาคิดคำมาอวยไม่ได้จริงๆเพราะมันไม่มี #รัฐบาลเตรียมพร้อม,2020-02-14 4:27:55,581,303,120059,ไม่ใช่คนดี แต่เป็นคนที่ work,5162,165148425,2010-07-10 11:57:00,3518 days 12:03:00.000000000,3518
0,0,0,oillyaoi,saveอ๋อย,นายกที่เป็นทหาร ไม่มีศักดิ์ศรีสักข้อเลย ยังมีความเป็นคนอยู่บ้างมั้ยเหอะ ถามแค่นี้ #รัฐบาลเตรียมพร้อม pic.twitter.com/eOMUOrDfub,2020-02-14 3:48:16,361,132,30619,"Phitsanulok, Thailand",852,413029690,2011-11-15 04:03:00,3025 days 19:57:00.000000000,3025
0,0,0,WYB_XZ_ddgg, 🌸 🐇ยัยอิงของหลานจ้าน  🦁 🏍,อะไรอี๊กกกก #รัฐบาลเตรียมพร้อม,2020-02-13 16:51:07,168,13,3851,,4616,924817937277394944,2017-10-29 18:59:00,850 days 05:01:00.000000000,850
0,0,0,Bloodscoucer2,โต้งคนเดินดิน,ครับ เตรียมพาประเทศฉิบหายเต็มรูปแบบ #รัฐบาลเตรียมพร้อม,2020-02-13 17:44:09,587,343,5824,"ห้วยขวาง, กรุงเทพมหานคร",10314,2316851433,2014-01-31 12:50:00,2217 days 11:10:00.000000000,2217
0,0,0,KhunPATz,Patz Kumpraewpan,เพราะใจเราตรงกัน #รัฐบาลเตรียมพร้อม #รู้ทันIOhttps://twitter.com/noirisaesthetic/status/1228131733377175554 …,2020-02-14 6:20:13,273,557,10911,"Bangkok, Thailand",124,122726884,2010-03-13 09:47:00,3637 days 14:13:00.000000000,3637
0,0,0,noeykainoey,อู้หู,อยู่มากี่ปี ไม่ได้ดีขึ้นเลย #รัฐบาลเตรียมพร้อม,2020-02-13 18:32:49,896,258,157517,,2471,2320920596,2014-01-31 06:57:00,2217 days 17:03:00.000000000,2217
1,1,1,Pee78092209,rich,#รัฐบาลเตรียมพร้อม คงเหลือแต่ผู้ทำคุณประโยชน์ให้ประเทศ ท่านสมควรได้อยู่ต่อ,2020-02-17 3:33:04,190,4,493,,315,1227765375468572672,2020-02-12 17:24:00,14 days 06:36:00.000000000,14
0,0,0,Im_Pawanrat,แม่น้องไอเอ็ม,รัฐบาลเตรียมพร้อมอะไรก่อน เตรียมตัวลงโลงหรอ #รัฐบาลเตรียมพร้อม,2020-02-14 1:35:07,106,3,195,,247,1204573985897189376,2019-12-10 17:30:00,78 days 06:30:00.000000000,78
0,0,0,bkkallsorted,นิรนาม,เมืองนอกมีแต่ ประธานาธิปดี พ่อ ลูก บ้านเรามีทหารปฏิวัติยึดอำนาจพ่อลูก https://www.bbc.com/thai/thailand-47311636 … แดงลูกพ่อ #รัฐบาลเตรียมพร้อม,2020-02-13 23:45:59,411,130,1683,"Bangkok, Thailand",682,921682099693748224,2017-10-21 03:18:00,858 days 20:42:00.000000000,858
0,0,0,NOFIASXXX,NOFIAS,สันขวาน #รัฐบาลเตรียมพร้อม #นายกเฮงซวยhttps://twitter.com/NoLungNoKaLa/status/1228061991970885632 …,2020-02-13 23:51:45,34,3,857,,2759,1072844542389317632,2018-12-12 05:24:00,441 days 18:36:00.000000000,441
0,0,0,linlinee_ny,พูดได้มั้ยพี่จี้!!!,มึงจะไปพร้อมอะไรอิห่า แค่เงินจ่ายผสหโคราช มึงยังรับบริจาค แต่เสือกมีเงินซื้อฮอใหม่อิสัส พูดแล้วของขึ้นไอ้เฮงซวย #รัฐบาลเตรียมพร้อม,2020-02-14 2:58:53,94,54,3449,ดาวอังคาร,3108,790121453492375552,2016-10-23 02:23:00,1221 days 21:37:00.000000000,1221
0,0,0,SnwAieme,โทนนีออบตา,ปั่นมาแทบตายทั้งคืน สุดท้ายก็กลายเป็นแท็กด่า อิรัฐบาล อิควาย #รัฐบาลเตรียมพร้อม,2020-02-14 3:37:04,187,10,11772,,548,1966377962,2013-10-17 01:28:00,2323 days 22:32:00.000000000,2323
0,0,0,Fm6Ufrzr0ZSWePa,happykhem,"ถุย พ่องเถอะ
#รัฐบาลเตรียมพร้อม",2020-02-14 3:01:47,3,1,72,,103,1177424168926601216,2019-09-26 20:26:00,153 days 03:34:00.000000000,153
0,0,0,sorkorlao,ซ้อขอเล่า,"เปิดคลิป ""บิ๊กแป๊ะ"" กินโดนัทในเหตุกราดยิง ไม่ลืมวางเงิน 1,000 จ่ายแม่ค้า

ขอเลขบนแบงค์ได้มั้ยคร้าาาาาา 

#รัฐบาลเตรียมพร้อม pic.twitter.com/KPPrLa4GdB",2020-02-14 8:42:05,689,29081,14228,,3742,1116699085166145536,2019-04-12 06:46:00,320 days 17:14:00.000000000,320
0,0,0,ebichu_69,แฮมสเตอร์ชัง PM4.0 and Geronto Colonel Virus,"เกณฑ์ส่งตรวจ #COVID19 ที่ออกมาตอนแรกๆ ว่าแย่แล้วนะ เพราะตาข่ายมันห่างมาก แต่เหนือฟ้ายังมีฟ้า เจอมุขเข้าเกณฑ์แล้ว สสจ. ไม่ส่งตรวจ พอหมอที่มีจรรยาบรรณเริ่มโวยวายกันใน Social ก็โจมตีว่าเป็น #FakeNews พร้อมให้ #กองทัพ ออกมาให้ข่าวข่มขู่ว่า ต่อไปจะยึดทรัพย์

#รัฐบาลเตรียมพร้อม",2020-02-18 10:36:13,522,5273,33109,,17362,813743048051937280,2016-12-27 05:47:00,1156 days 18:13:00.000000000,1156
0,0,0,19TOvOT,19cigArettes,"คือพร้อมไร พร้อมอยู่ไปยาวๆ 
พร้อมรัฐประหารอีกรอบ #รัฐบาลเตรียมพร้อม",2020-02-13 17:39:45,31,16,4868,"Milano, Lombardia",21694,1104196365037400064,2019-03-08 17:45:00,355 days 06:15:00.000000000,355
0,0,0,GrahAnimation,Kritsana Assadong,นี่คือดูแต่ละทวีตกู พรุ่งนี้ทีมงาน ไอโอ ตื่นมา จะว่าไงบ้างวะ ไม่ได้เกี่ยวการเมืองเลย #รัฐบาลเตรียมพร้อม,2020-02-13 16:21:43,1888,145,2920,Thailand,10527,1029660114158989312,2018-08-15 02:24:00,560 days 21:36:00.000000000,560
0,0,0,maymeeta,Maymeeta,งบผ่านแลัว #รัฐบาลเตรียมพร้อม รับเงินทอน?,2020-02-14 1:24:31,24,69,2333,,1295,1102147698788978688,2019-03-03 02:04:00,360 days 21:56:00.000000000,360
0,0,0,charoenchai,charoenchai,"""ไวรัส โคโรน่า"" ระมัดระวัง เอาไว้ แต่อย่าให้มาขัดขวาง ความสุข ของชีวิต #ไวรัสโคโรน่าสายพันธุ์ใหม่2019 #ไวรัสโคโรน่าสายพันธุ์ใหม่ #ไวรัสโคโรน่าสายพันธุ์ใหม่2020 #เรือสําราญ #วาเลนไทน์ #วาเลนไทน์2020 #วาฬเลนไทน์ #รีวิวเกาหลี #รัฐบาลเตรียมพร้อม #อนุทินhttps://m.youtube.com/watch?v=67oa0zTQMgQ&t=2s …",2020-02-14 0:55:08,847,2528,16744,,182,47291372,2009-06-15 01:25:00,3908 days 22:35:00.000000000,3908
0,0,0,futureth001,Future,มั่นคง มั่งคั่ง ยั่งยืน พ่องงงงงงงงง #รัฐบาลเตรียมพร้อม,2020-02-13 17:19:53,298,45,2634,,2868,1197595320672063488,2019-11-21 11:20:00,97 days 12:40:00.000000000,97
0,0,0,PinnpakkJ,yepitsme/ok ♥,"สมัยรัฐบาลยิ่งลักษณ์ ถูกเตะตัดขาสร้างรถไฟฟ้า/ปรับปรุงการคมนาคม
โดย..ก็จะใคร ประชาธิปัตย์กับพวกกำอำนาจตอนนี้แหละ
ไม่งั้นการคมนาคมประเทศเจริญเร็วกว่านี้  #คัดค้านยุบอนาคตใหม่ #รัฐบาลเตรียมพร้อม #จุฬาซอย10",2020-02-15 21:43:14,132,34,4305,,16500,770141950473306112,2016-08-28 23:12:00,1277 days 00:48:00.000000000,1277
0,0,0,kak_off,มอมแมม,สงบหรอ ถัมจีงงง #รัฐบาลเตรียมพร้อม #จุฬาซอย10https://twitter.com/Kunpratoom/status/1228159656868007938 …,2020-02-14 4:50:49,119,45,519,BanGKoK..,64,332199564,2011-07-09 04:35:00,3154 days 19:25:00.000000000,3154
0,0,0,muminscin,มูมิน มีแต่จ้านจ้าน 🐰 🐰 🎇 ✨ 🎆,#รัฐบาลเตรียมพร้อม เตรียมพร้อมจากไปน่ะสิ ยินดีด้วยพี่น้องชาวไทย,2020-02-14 0:40:40,920,610,129864,,10570,2494409497,2014-05-14 10:33:00,2114 days 13:27:00.000000000,2114
0,0,0,Omei3,Omei,ด่วนๆๆๆ เกิดเหตุกราดยิงอีกแล้ว #กราดยิงจุฬาซอย10สามย่าน #รัฐบาลเตรียมพร้อม,2020-02-14 2:53:18,95,50,661,Bangkok Thailand,702,475973878,2012-01-27 08:49:00,2952 days 15:11:00.000000000,2952
0,0,0,alohatane32,AlohaTane,"สมัครงานแอดไลน์ @alohatane32 (มี@)
#ValentinesDay2020 #GHBWithLovexMewGulf #รัฐบาลเตรียมพร้อม #singtohvd2020 #LovelyPerth #HappyBamlentine #ยิงกลางกรุง #FromDanityTHToDaniel #SkyMyValentinehttps://twitter.com/TopTrendThai/status/1228168230696448001 …",2020-02-14 4:25:14,32,32,665,"กรุงเทพมหานคร, ประเทศไทย",564,73124467,2009-09-10 07:10:00,3821 days 16:50:00.000000000,3821
0,0,0,Ddd54172325,Ddd,"ไม่ต้องคิดเรื่องที่ทำคุณให้กับประเทศหรอก ไม่มีอยู่แล้ว แต่ถามหน่อยเถอะเรื่องเดียวเลย ผ่านการอบรมสั่งสอนกริยามารยาทมายังไง? หรือเขาอบรมสั่งสอนมาแล้ว แต่ไม่ซึมเข้าสันดาน ถามจริงๆเลยจากใจ สงสารนะที่กริยามารยาทต่ำแบบนี้ อยากสอนนะแต่ขนาดนี้คงไม่ทันแล้ว
#รัฐบาลเตรียมพร้อม",2020-02-14 5:50:35,97,2,1607,,161,1109309657649020928,2019-03-22 21:23:00,341 days 02:37:00.000000000,341
0,0,0,todayis_wr,todayis_ 💙,ไม่ได้อายที่เกิดเป็นคนไทย แต่อายที่มีผู้นำโง่ๆแบบนี้ #รัฐบาลเตรียมพร้อม,2020-02-14 4:15:14,116,25,1981,,858,1150753315388399616,2019-07-15 06:05:00,226 days 17:55:00.000000000,226
0,0,0,mintzbagshop,ร้านคุณมิ้น  🏆 🙋🏼‍♀️ 🥇SALE 85% お福,".
   Converse ลด 60% พร้อมส่งค่า 
#ValentinesDay2020 #จุฬาซอย10 #GalaxyA51TH #GHBWithLovexMewGulf #รัฐบาลเตรียมพร้อม https://twitter.com/mintzbagshop/status/1228167474371158016 …",2020-02-14 4:41:22,130,25761,6036,line: @mtd1572K (มี@ ด้วยค้า),974,967761227614072832,2018-02-25 06:00:00,731 days 18:00:00.000000000,731
0,0,0,SeaNoopy,Sea P.,#รัฐบาลเตรียมพร้อม พร้อมถอยเรือดำน้ำเพิ่ม เอาไว้ปลูกสะระแหน่,2020-02-13 16:16:32,1463,594,108888,"Chicago, IL",720,30243874,2009-04-10 08:55:00,3974 days 15:05:00.000000000,3974
0,0,0,zerorings,Kittipong,เคยคิดว่าต่อให้ผู้นำในกองทัพเป็นแบบนี้พวกชั้นผู้น้อยก็คงไม่ขนาดนั้นมั้ง ที่ไหนได้เลือกมาทำหน้าที่ IO ก็ดันส่งพวกฉลาดน้อยเหมือนผู้นำไม่ทันเทคโนโลยีลงมาอีก #รัฐบาลเตรียมพร้อม,2020-02-14 1:50:07,420,45,3319,"Bang Na, Bangkok",1560,229682039,2010-12-22 17:52:00,3353 days 06:08:00.000000000,3353
0,0,0,TueyZecond,สวยกว่านี้ก็พี่ในวันรุ่งขึ้น ft. น้องวาฬออร์กา,"นายกรัฐมนตรีของประเทศไทย มีมาตรการป้องกันเหตุการณ์กราดยิงด้วยการ... สักการะย่าโม #รัฐบาลเตรียมพร้อม #รัฐบาลเฮงซวย
",2020-02-19 6:02:52,191,783,10191,"Bangkok, Thailand",748,253488216,2011-02-17 02:26:00,3296 days 21:34:00.000000000,3296
0,0,0,swaggermmrr,Male and i,ไอ้เนื้อข้างไข่ #รัฐบาลเตรียมพร้อม,2020-02-13 17:28:31,44,3,2433,,6413,1091686047237324800,2019-02-02 05:13:00,389 days 18:47:00.000000000,389
0,0,0,ku_man_baaa,ชนีน้อยของมินกยู #Fear #OdeToYouInBKK,เคยสงสัยว่าคน ๆ นึงสามารถหน้าด้านได้มากที่สุดแค่ไหน สำหรับรัฐบาลนี้คือหาที่สิ้นสุดไม่ได้ อิด๊อกกกกกกกกก  #รัฐบาลเตรียมพร้อม,2020-02-14 1:22:18,619,46,56542,,7046,828891633600983040,2017-02-07 01:02:00,1114 days 22:58:00.000000000,1114
0,0,0,pooya_yapoo,เรายังอยู่ตรงนี้ใช่ไหม,เตรียมตัวตายฉิบหาย #รัฐบาลเตรียมพร้อม,2020-02-14 1:27:38,133,4,1649,,26,809961082416549888,2016-12-16 19:19:00,1167 days 04:41:00.000000000,1167
0,0,0,ic63ZXObesA6dci,ลินนะ,"ตร.บุกบ้าน จับหนุ่มโพสต์ป่วน!! 

#รัฐบาลเตรียมพร้อม
#พักก่อน
#ข่าว #ข่าววันนี้
#ข่าวจริง #ข่าว3มิติ
#ข่าววันใหม่…https://us-central1-thaishare-prod.cloudfunctions.net/app/ECY8eQGUSspPsRXCSeJy?u=EtHkeeP5RFNiHxx9vdOWl28eSlC2 …",2020-02-13 20:39:03,4,5,83,,91,1174874412681576448,2019-09-19 19:34:00,160 days 04:26:00.000000000,160
0,0,0,boeingbebosad_,𝙗𝙚𝙗𝙤𝙨𝙖𝙙​_ × น้องจาค็อป​ 🦈,เตรียมพร้อมทำงานเพื่อประชาชน​หรอ​ หึ​ ไม่​ เตรียมพร้อมว่าพรุ่งนี้พวกกูจะหาอะไรมาเล่นงานอนาคตใหม่ดีว้า​ #รัฐบาลเตรียมพร้อม,2020-02-13 23:50:05,181,205,20969,Korea,5308,1086831337695109120,2019-01-19 19:42:00,403 days 04:18:00.000000000,403
0,0,0,bennjaaaxx,ผัดกะเพราหมูกรอบ,#รัฐบาลเตรียมพร้อม โดนกูด่าเนี่ยแหละ,2020-02-13 17:53:28,402,191,79609,ประเทศไทย,7741,3097840592,2015-03-19 05:22:00,1805 days 18:38:00.000000000,1805
0,0,0,ingfarzero,อสัญแดหวา ​ 🔽,หน่วยอรินทราชนี้ต้องเตรียมตัว 24 ชม.เลย ช่วงนี้งานชุมมาก ตอนนี้เริ่มหวั่นๆ กับการไปในที่คนเยอะๆแล้ว เครื่องจักรตัวสุดท้ายของประเทศคือท่องเที่ยวกำลังจะดับ ส่วนเครื่องจักรของคนจนอย่างเกษตรก็ดับพร้อมภัยแล้งที่กำลังรุนแรงขึ้น  #รัฐบาลเตรียมพร้อม #จุฬาซอย10https://twitter.com/YYakultt/status/1228164376001052672 …,2020-02-14 4:07:13,37,56,897,,86,224940993,2010-12-09 23:33:00,3366 days 00:27:00.000000000,3366
0,0,0,awayforqqqqq,Fuckdictator,ก็งงตรรกะคนเชียร์ฝ่ายรัฐบาลนะทั้งโกงทั้งโง่ทั้งงง หลักฐานคือชัดขนาดนั้น ทำงานกากๆ บริหารงานกากๆ เหมือนเล่นขายของ ก็ยังมีคนโง่เชียร์กันระงมเหมือนแมงตอมขี้ ถ้าจะเกลียดอะไรหรือชอบอะไรช่วยแหกตาดูชาติดูโลกบ้างว่าเขาไปถึงไหนแล้ว ทำไมไม่อยากให้ประเทศพัฒนาบ้างวะ งงใจ #รัฐบาลเตรียมพร้อม,2020-02-13 17:10:42,181,22,3950,,2740,553566279,2012-04-14 05:14:00,2874 days 18:46:00.000000000,2874
0,0,0,LGinlove,ลูกเกด • 巴玉嵐,ความดักดานที่ #รัฐบาลเตรียมพร้อม,2020-02-14 2:28:58,629,4336,279490,,48534,624680123,2012-07-02 06:49:00,2795 days 17:11:00.000000000,2795
0,0,0,pppp_bk_,อุอุตุกติกดุ๊กดิ๊ก,พร้อมมากกก พร้อมให้ปชช.ดูแลตัวเองนะ #รัฐบาลเตรียมพร้อม https://twitter.com/hengsuaycountry/status/1227984276144058368 …,2020-02-14 3:27:46,102,5,15836,,18401,945342271179825152,2017-12-25 09:15:00,793 days 14:45:00.000000000,793
0,0,0,sbootthai,A-n-g-l-e,ผนงรจตกม #รัฐบาลเตรียมพร้อม,2020-02-13 20:34:08,402,37,2200,Thailand,4564,60543312,2009-07-27 02:08:00,3866 days 21:52:00.000000000,3866
0,0,0,MissblovePalit,missb ♏️ 🍀ได้มีวันเวลาดีดีย์เพราะมีเป๊ก 🦋,ทำแต่เรื่องปัญญาอ่อนไปวันๆ #รัฐบาลเตรียมพร้อม pic.twitter.com/uvAihAcivh,2020-02-14 1:53:21,552,910,236111,"กรุงเทพมหานคร, ประเทศไทย",38801,894952275642204160,2017-08-08 09:03:00,932 days 14:57:00.000000000,932
0,0,0,NANATM5,NANA,กาลเทศะ คือ สิ่งสำคัญที่กลุ่มผู้มีอำนาจสมัยนี้ไม่มี #รัฐบาลเตรียมพร้อม,2020-02-15 5:59:49,45,1,125,,32,1142720969242320896,2019-06-23 02:08:00,248 days 21:52:00.000000000,248
1,1,1,Pee78092209,rich,ความสำเร็จนำมาซึ่งความสามัคคีของ จนท.ทุกท่าน เยี่ยมยอดครับ #รัฐบาลเตรียมพร้อม,2020-02-18 3:25:06,190,4,493,,315,1227765375468572672,2020-02-12 17:24:00,14 days 06:36:00.000000000,14
0,0,0,oohsehuneee,คุนนายโอ ft.อยากได้คอนดอทอินบีเคเค,เห้อ เพิ่งจะเตรียมหรอ กุพร้อมนานละเนี่ย 6 ปีแล้วจ้าาาาาาาาาาาาา #รัฐบาลเตรียมพร้อม,2020-02-14 3:43:40,402,35,13711,,3875,1001719999780634624,2018-05-30 00:00:00,638 days 00:00:00.000000000,638
0,0,0,Nik38509552,@Nik,งานนี้มีสละโสด “ฐิสา วริฏฐิสา” เปิดตัวแฟนหนุ่มต้อนรับวาเลนไทน์ #ป๋อตี้จ้านเกอ #รัฐบาลเตรียมพร้อม #โป๊ปเบลล่า #ใจสลาย #พักก่อน #bambam1a #ทูวิชหวานน้ําตาลจืดไปเลยอ่ะ #พรรคกล้า #โป๊ปเบลล่า #กล้วยอบเนยโรยเกลือชาเลนจ์ #ป๋อตี้จ้านเกอ #ใจสลาย #โป๊ปเบลล่าhttp://www.starnews2day.com/news103273.html?d=14022020&f=83565 …,2020-02-14 5:18:28,8,8,249,,160,1186661111845621760,2019-10-22 08:10:00,127 days 15:50:00.000000000,127
0,0,0,Py1702,pyx- 🍼 🐱,เห็นพร้อมมา6ปีเเล้วมึงจะพร้อมไรอีกเเค่นี้ยังชิบหายไม่พอเหรอ  #รัฐบาลเตรียมพร้อม,2020-02-13 18:50:08,1044,127,35509,,5888,3221457074,2015-05-20 07:00:00,1743 days 17:00:00.000000000,1743
0,0,0,misterporch69,เป็นคนตลก,เป็นรัฐบาลที่ขยันปอบใจตัวเองมากกก อิสันขวาน!!! #รัฐบาลเฮ็งซวย #รัฐบาลเตรียมพร้อม https://twitter.com/nmgfounder/status/1229922385450528768 …,2020-02-19 10:43:49,906,264,9222,"กรุงเทพมหานคร, ประเทศไทย",6482,824671252547670016,2017-01-26 09:32:00,1126 days 14:28:00.000000000,1126
1,1,1,Pee78092209,rich,ทำประโยชน์ให้ประเทศ ควรอยู่ต่อครับ อย่าเอาความคิดของคนอื่นมาขัดขวางการทำงาน #รัฐบาลเตรียมพร้อม,2020-02-19 2:49:59,190,4,493,,315,1227765375468572672,2020-02-12 17:24:00,14 days 06:36:00.000000000,14
0,0,0,nongruleteerak1,รูลของหม่ามี๊,เศรษฐกิจไม่ดีจริงแม่เราไม่เคยบ่นว่าเศรษฐกิจแย่เมื่อวานก็มาบ่นยอมรับว่าตกใจมากแม่บอกว่าขายไม่ได้เลยได้มาแค่พันกว่าแย่มาก #รัฐบาลเตรียมพร้อม https://twitter.com/missing199/status/1227999598465015809 …,2020-02-13 23:13:13,42,9,1244,"Stockholm, Sweden",52,1089823873963446272,2019-01-28 01:53:00,394 days 22:07:00.000000000,394
0,0,0,Cholectu,Chol Bunnag,ใช่ครับ ดูเจ้าหน้าที่รัฐมีความตั้งใจในการทำมาก ทำอะไรนะ?! อ้อ บิดกฎหมายเลือกตั้ง เอื้อประโยชน์ให้พวกพ้อง ปัดความรับผิดชอบน่ะเหรอ 5555 ใช่ๆๆ #รัฐบาลเตรียมพร้อม #รัฐบาลเฮงซวยhttps://twitter.com/daodin_commoner/status/1228140410368716800 …,2020-02-14 2:18:34,450,577,8676,,10694,134197602,2010-04-17 11:31:00,3602 days 12:29:00.000000000,3602
0,0,0,RBookgoon,Ravee Bookgoon,"#รัฐบาลเตรียมพร้อม  ถามวัวตอบควาย เมื่อไหร่จะเลิกคะ ถัมจิง
อยากเจอคนจริงใจ พร้อมอย่างแรกที่อยากได้คือ ตอบแบบจริงใจ 
พูดไปก็เท่านั้น",2020-02-13 17:45:47,107,53,8704,,15864,1095202032082800640,2019-02-11 22:04:00,380 days 01:56:00.000000000,380
0,0,0,Jeongbyul_,Jeongbyul ทาสรักยูจองยอน,เตรียมพร้อมอะยัยเหย๋อออออ #รัฐบาลเตรียมพร้อม https://twitter.com/arcmokeyys/status/1222518330042601473 …,2020-02-14 0:34:48,402,598,51867,ประเทศไทย,4398,2885260338,2014-10-31 08:06:00,1944 days 15:54:00.000000000,1944
0,0,0,GrahAnimation,Kritsana Assadong,คุณวิโรจน์ พรรค #อนาคตใหม่ ชี้เป้า มันก็เลยกลายเป็นชะนี้แล ปจบ. มีทุกอย่าง ตั้งแต่มุกเสี่ยว บ่นด่า ยันสูตรทำไข่เจียวทรงเครื่อง #รัฐบาลเตรียมพร้อม,2020-02-13 19:25:03,1888,145,2920,Thailand,10527,1029660114158989312,2018-08-15 02:24:00,560 days 21:36:00.000000000,560
0,0,0,CottageNongnoo7,Liberty Girl,"มันน่าจะมีวิธีMove onที่ดี สร้างสรรค์และสร้างพลังกว่านี้ไม่ การจัดคอนเสิร์ชดูมันไม่โอเคกับผู้คนและครอบครัวผู้สูญเสีย
#ยิงกราดโคราช #รัฐบาลเตรียมพร้อม #รัฐบาลเฮ็งซวย #RIPPrayuth #ปฏิรูปกองทัพ #ไม่ถอยไม่ทนpic.twitter.com/O9Ty41r4lN",2020-02-15 3:51:35,136,54,2763,,195,880680765796888576,2017-06-29 23:53:00,972 days 00:07:00.000000000,972
0,0,0,i_am_patty_PT,IPattyJS38,กูเมื่อได้ยินว่า #รัฐบาลเตรียมพร้อม pic.twitter.com/8AloEFAw92,2020-02-13 19:26:16,466,28,11061,,13484,703593660533723136,2016-02-27 06:52:00,1460 days 17:08:00.000000000,1460
0,0,0,Flksjh7012,พี่ลูกแมว 🐱 พี่ยีราฟ 🦒 และพี่กวิ้น 🐧,"พร้อมเหี้ยต่อไปหรอ
เลิกเหอะมึงง รำคาญญญ!!!
#รัฐบาลเตรียมพร้อม",2020-02-14 15:31:02,136,347,37111,,6285,1142018575,2013-02-02 01:41:00,2580 days 22:19:00.000000000,2580
0,0,0,bam_kichi,Bamkichii,"ด่าอะไรฝ่ายตรงข้ามไว้ เข้าตัวเองหมด
#รัฐบาลเตรียมพร้อม",2020-02-14 2:01:24,154,14,2408,,70,1190533665123516416,2019-11-02 00:39:00,116 days 23:21:00.000000000,116
0,0,0,Lucky64572567,Lucky,"ไอบ้า ฟังไม่รู้เรื่อง คนพูดเยอะและเสีย
เวลาไร้สาระคือลุงนั่นแหล่ะ #รัฐบาลเตรียมพร้อม #ปฏิรูปกองทัพ #อนาคตใหม่https://twitter.com/wNh1qrimDiSkTFW/status/1228256069341700097 …",2020-02-14 10:20:01,475,1395,77900,,55570,1129680824847048704,2019-05-18 02:31:00,284 days 21:29:00.000000000,284
0,0,0,i5junk,ไอ้ห่า,ประเทศไม่มั่นคง ประชาชนก็คุ้มคลั่ง #รัฐบาลเตรียมพร้อม #รัฐบาลเฮ็งซวย #รัฐบาลโป๊ะแตก #กราดยิงจุฬา #กราดยิงกลางกรุง #กราดยิงสามย่าน #กราดยิงโคราชhttps://twitter.com/KhaosodOnline/status/1228205326714851328 …,2020-02-14 6:37:25,179,15,2157,,3664,878167525086736384,2017-06-23 01:27:00,978 days 22:33:00.000000000,978
0,0,0,jantanya,no.1 sleeper,รำคาญ #รัฐบาลเตรียมพร้อม มากี่ชาติและ ไม่เห็นประเทศจะพัฒนาไปไหน มีแต่ถอยหลัง รำคาญญญญญญญญญญญญ,2020-02-13 17:47:41,55,14,139,,786,79692049,2009-10-04 02:07:00,3797 days 21:53:00.000000000,3797
0,0,0,peach_yellow, 🏟 𝒓𝒂𝒊𝒏𝑩𝒐𝒘 —–♡,พร้อมเหี้ยไร #รัฐบาลเตรียมพร้อม,2020-02-14 4:58:48,239,261,10754,,2245,1162690266370723840,2019-08-17 04:39:00,193 days 19:21:00.000000000,193
0,0,0,glittersinister,นิรนาม,#รัฐบาลเตรียมพร้อม อย่างเดียวที่กูจะดีใจ คือรัฐบาลเตรียมพร้อมลงจากตำแหน่งอ่ะ,2020-02-14 2:36:41,656,1060,8008,"Jerusalem, Israel",4303,4880393331,2016-02-05 22:53:00,1482 days 01:07:00.000000000,1482
0,0,0,YP69GB9vKHFa0rM,สิริษา นิธิศกรวิชญ์,ข้าวส่งออกไม่ดี เศรษฐกิจแย่ โรงงานปิด ธุรกิจยิบย่อย เริ่มเจ๊ง #รัฐบาลเตรียมพร้อม pic.twitter.com/HfZfM2JuwM,2020-02-14 1:38:24,18,46,379,,21973,1167290702226542592,2019-08-29 21:19:00,181 days 02:41:00.000000000,181
1,1,1,Pee78092209,rich,"ครูไม่ควรนำความโศกเศร้ามาล้อเล่น เลยครับ 
#รัฐบาลเตรียมพร้อม",2020-02-13 2:33:20,190,4,493,,315,1227765375468572672,2020-02-12 17:24:00,14 days 06:36:00.000000000,14
0,0,0,Jstiink,#บั้มTimeless เลือกการ์ด 700,ทุกพรรคการเมืองถ้าทำผิดต้องได้รับการตรวจสอบ ไม่ใช่เฉพาะพรรคฝ่ายค้านหรือฝ่ายที่ไม่เห็นด้วย ขอความโปร่งใสในการบริหารงานทุกภาคส่วน !! #รัฐบาลเตรียมพร้อม #รัฐบาลเฮงซวย #คัดค้านยุบพรรคอนาคตใหม่ ร่วมลงชื่อสนับสนุน http://chng.it/8SGvyxbL  via @ChangeThailand,2020-02-15 11:30:07,413,344,49593,"Thai , BKK",5112,131924121,2010-04-11 12:25:00,3608 days 11:35:00.000000000,3608
1,0,0,SeaNoopy,Sea P.,ไม่รู้IOจะกู้ชีพรัฐบาล หรือกระทืบรัฐบาลให้จมดิน ที่ผ่านมาเหมือนจะแย่มากกว่านะ มาหยาบๆคายๆคนคงจะชอบหรอก 555555 #รัฐบาลเตรียมพร้อม,2020-02-14 1:18:27,1463,594,108888,"Chicago, IL",720,30243874,2009-04-10 08:55:00,3974 days 15:05:00.000000000,3974
0,0,0,NielELLE,¶ แบค ¶•°™^^,"ปวดใจกับรัฐบาลนี้
#รัฐบาลเตรียมพร้อม",2020-02-14 2:51:35,883,96,10701,,3046,2909307589,2014-11-24 09:16:00,1920 days 14:44:00.000000000,1920
0,0,0,RBookgoon,Ravee Bookgoon,"อันนี้ต้องคริส.... คิสเยอะๆ 
ตั้งแต่ 5ทุ่ม เมื่อวาน จน ตอนนี้ 13.34  น. 
ประชาชนยังช่วยปั่น#ไม่เลิก เลยอ่ะ
รู้สึกเป็นเกีรยติที่ได้ช่วยปั่น #รัฐบาลเตรียมพร้อม  https://twitter.com/Betsuni9/status/1228197281762963456 …",2020-02-14 6:34:25,107,53,8704,,15864,1095202032082800640,2019-02-11 22:04:00,380 days 01:56:00.000000000,380
0,0,0,Jedi_or_Sith,เป็นซิธหรือเจไดดี?,#รัฐบาลเตรียมพร้อม พร้อมยุบสภาและลาออกหรอ? ดีๆ ถ้าบริหารไม่ไหวก็อย่าฝืนทำเป็นไหว เห็นล้มมาเยอะแล้วพวกไม่ไหวแต่ดื้อว่าตัวเองไหวเนี่ย,2020-02-13 22:55:05,39,18,9394,ดาวทาทูอิน,4346,1544044236,2013-06-24 13:35:00,2438 days 10:25:00.000000000,2438
0,0,0,Democracyllove,Flowers,ทหารอาชีพ กับทหารรับใช้ #ปฎิรูปกองทัพ #รัฐบาลเตรียมพร้อม https://twitter.com/NutSakuldee/status/1228392330694184961 …,2020-02-14 23:25:23,233,76,6252,,15171,1135002486144524288,2019-06-01 18:57:00,270 days 05:03:00.000000000,270
1,1,1,Pee78092209,rich,การหยามกันคงไม่งามนักหรอก แต่มันก็เป็นวิธีกระตุกความคิด ของพวกยกตนเป็นคนดี เห็นแต่ตัวเองดี คนอื่นเลวหมด คงใช้วิธีอื่นไม่ได้ นอกจากหยามให้อาย พวกเกรียนเอย  #รัฐบาลเตรียมพร้อม,2020-02-18 21:38:50,190,4,493,,315,1227765375468572672,2020-02-12 17:24:00,14 days 06:36:00.000000000,14
0,0,0,Pimz_Twit,Pimz,"สุดจ้าา 

#ใจสลาย
#รัฐบาลเตรียมพร้อม
#สุขสันต์วันโสด
#saveG
#iPhone
http://www.topicza.com/news103255.html?d=14022020&f=89624 …",2020-02-14 0:04:22,332,12,54,ประเทศไทย,3567,939450131253829632,2017-12-09 03:02:00,809 days 20:58:00.000000000,809
0,0,0,Nikixosss, 🔇,"3 จังหวัดชายแดนใต้ เจอแบบนี้ทุกวันจนชิน 3จังหวัดชายแดนใต้ก็คือประเทศไทยเหมือนกัน ทำไมไม่เห็นแก้ไขอะไรได้เลย?
 #จุฬาซอย10 #กราดยิงที่โคราช #3จังหวัดชายแดนใต้ #รัฐบาลเตรียมพร้อม",2020-02-14 4:35:00,5,48,7422,"Narathiwat, Thailand",5786,1048876194026872832,2018-10-07 03:02:00,507 days 20:58:00.000000000,507
0,0,0,pae_phetnarin,Pae Phetnarin,"ปลาหยุดโง่
#รัฐบาลเตรียมพร้อม",2020-02-13 22:05:40,12,2,136,Thailand,231,785209810790653952,2016-10-09 13:06:00,1235 days 10:54:00.000000000,1235
0,0,0,DespairingBits,Pixelated -- ピサコ,ช่วยๆกันครับ​ #รัฐบาลเตรียมพร้อม https://twitter.com/wirojlak/status/1227977288827863040 …,2020-02-16 8:52:24,30,2,94,Thailand,108,1132118130753277952,2019-05-24 19:56:00,278 days 04:04:00.000000000,278
0,0,0,Pppp26782772,Pppp,นี่ชอบเล่นเกมแนว mmo ชอบเล่นเมจ แต่คือชีวิตจริงก็ใช้เวทมนตร์เสกลูกไฟ เสกบอลน้ำออกมาโจมตีใส่คนอื่นไม่ได้ปะ? ก่อนเข้าอภิปรายเตรียมบรรจุสมองใส่กระโหลกบ้างก็ดีนะ จะได้คิดวิเคราะห์เยอะๆๆๆๆๆๆๆๆๆๆๆหน่อย  #รัฐบาลเตรียมพร้อม https://twitter.com/mrw_poy/status/1228105176097030144 …,2020-02-14 2:26:45,24,5,427,,552,1152977556510932992,2019-07-21 09:24:00,220 days 14:36:00.000000000,220
0,0,0,hippot3,ไม่อยากเรียกแห้วว่าสมหวัง,นิยามของคำว่า แก่เพราะเคี้ยวข้าวมานาน เเต่วุฒิภาวะตั่งต่างนั้น ตามคลิปอะ กูไม่ตกใจนะก็เซลล์สมองเเค่84000ไง #รัฐบาลเตรียมพร้อม https://twitter.com/NoLungNoKaLa/status/1228061991970885632 …,2020-02-14 3:56:14,232,11,8999,Thailand,25109,1044771047604514816,2018-09-25 19:10:00,519 days 04:50:00.000000000,519
0,0,0,SeaNoopy,Sea P.,ถ้าได้เงินแล้วขอบคุณพวกชั้นด้วยนะ คนไทยช่วยกันๆ #รัฐบาลเตรียมพร้อม,2020-02-13 15:58:04,1463,594,108888,"Chicago, IL",720,30243874,2009-04-10 08:55:00,3974 days 15:05:00.000000000,3974
0,0,0,n26042099, 🔥ส่งต่อของถูก มือ1 และมือ2 🔥,"สินค้าพร้อมส่งจ้า
ด้ายแดง เล่ม1-2เล่มจบ มือ1 ในซีล
ราคา 620 รวมส่ง
*ใครสนใจเล่มมินิ หรือเล่มสเปเชียลด้วย เดมมาสอบถามได้น้า ขายแยกได้จ้า
เช็ครีวิวร้านในไบโอจ้า
#ValentinesDay2020 #ใจสลาย #รัฐบาลเตรียมพร้อม #HAPPYJAEHYUNDAY #หลงรักนักยูธูป #เป๊กผลิตโชค #วาเลนไทน์ #Valentineday",2020-02-14 3:30:27,291,421,5654,ตรวจสอบสถานะที่นี้ฮับ 👇,761,967690446410432512,2018-02-25 01:19:00,731 days 22:41:00.000000000,731
1,1,1,Pee78092209,rich,ให้เรียนรู้ประวัติศาสตร์ และความเป็นมา อย่าคิดเป็นอย่างอื่น #รัฐบาลเตรียมพร้อม,2020-02-17 2:26:12,190,4,493,,315,1227765375468572672,2020-02-12 17:24:00,14 days 06:36:00.000000000,14
0,0,0,subhpakit,Subhpakiti,"วันๆเอาแต่ฟิตร่างกาย ทดสอบสมรรถภาพ
แต่ไม่เคยเห็นเอาไปใช้ห่าอะไร
เออลืมไปเคยเอาไปวิ่งไล่ยิ่งม็อบ
#รัฐบาลเตรียมพร้อม https://twitter.com/WassanaNanuam/status/1227431066996109312 …",2020-02-13 18:41:03,104,6,182,Thailand,446,1105812163032080384,2019-03-13 05:45:00,350 days 18:15:00.000000000,350
0,0,0,Oum_im29,raindrop  🇹🇭 🇯🇵,"ไม่ต้องเรียนก็ได้นะเพราะให้ล่ามแปลน่าจะดีกว่า
แต่ที่ต้องเรียนแบบเร่งด่วนคือมารยาทและพัฒนา EQ, IQ, MQ 
#รัฐบาลเตรียมพร้อม https://twitter.com/PRodleang/status/1228111203462811648 …",2020-02-14 1:53:48,369,469,141583,Japan,6147,875730165292126208,2017-06-16 08:01:00,985 days 15:59:00.000000000,985
0,0,0,rtnp_pntr,𝒓𝒕𝒏𝒑. 宮脇咲良 🌸,โธ่อีควาย #รัฐบาลเตรียมพร้อม,2020-02-13 17:27:41,70,21,9904,宮脇咲良 ❤️,1525,784060440850509824,2016-10-06 08:59:00,1238 days 15:01:00.000000000,1238
0,0,0,eerDwB18j6Jl8hE,_คุณหนูหวัง_,ไม่รู้ใครเป็นคนคิด # แต่เชื่อเถอะว่าไม่มีกระแสบวกไปถึงมึงหลอกจ้ะ  #รัฐบาลเตรียมพร้อม,2020-02-13 18:26:02,2,19,367,,49,1221056285782597632,2020-01-25 05:05:00,32 days 18:55:00.000000000,32
0,0,0,RBookgoon,Ravee Bookgoon,"IO ที่เข้ามาทำงานพรุ่งนี้ หน้าที่คุณก็แค่
หาทวิตดีๆใน #รัฐบาลเตรียมพร้อม แล้วรีทวิต อย่ากดนะ ให้รีทวิตเท่านั้น เชื่อว่าพรุ่งนี้9โมง #รัฐบาลเตรียมพร้อม ต้องขึ้นเทรนด์โลก",2020-02-13 18:02:34,107,53,8704,,15864,1095202032082800640,2019-02-11 22:04:00,380 days 01:56:00.000000000,380
0,0,0,atd721,atd72,ทุกอาชีพเค้าก็ทำคุณให้กับประเทศได้ไม่เฉพาะเจาะจงว่าเป็น สว. รัฐมนตรี ทหาร จะมีสิทธิอยู่บ้านหลวง ถ้าพวกท่านยังมองเห็นเป็นเรื่องสมควร แลเวประชาชนทำไมต้องยอมเสียสละให้พวกท่านครับ ในดมื่อำวกท่านก็ไม่เคยเสรยสละให้ใคร #รัฐบาลเตรียมพร้อม,2020-02-14 4:11:17,2,1,11,,1,1204195012335923200,2019-12-09 16:24:00,79 days 07:36:00.000000000,79
0,0,0,GrahAnimation,Kritsana Assadong,"สักวาหน้าหนาว สาวเดินตด
ไม่สลดขี้ต่อ พ่อเดินหนี
ส้วมหลังบ้าน ใหญ่โตนั้นก็มี
เดินไปขี้ ดีๆ ก็ไม่ไป #รัฐบาลเตรียมพร้อม",2020-02-13 15:51:34,1888,145,2920,Thailand,10527,1029660114158989312,2018-08-15 02:24:00,560 days 21:36:00.000000000,560
0,0,0,nananNRT,น้องแนนชานมหวานนัอยไข่มุกบุกบราวชูการ์,อีกแล้วหรอวะ ผ่านมาไม่กี่วัน #ValentinesDay2020 #รัฐบาลเตรียมพร้อม #กราดยิงสามย่านpic.twitter.com/46Uuj92pCw,2020-02-14 2:59:58,66,54,1763,"กรุงเทพมหานคร, ประเทศไทย",215,825696279393021952,2017-01-29 05:25:00,1123 days 18:35:00.000000000,1123
1,1,1,Pee78092209,rich,"ว่าแต่เขา อิเหนาเป็นเอง”
#รัฐบาลเตรียมพร้อม",2020-02-15 17:58:53,190,4,493,,315,1227765375468572672,2020-02-12 17:24:00,14 days 06:36:00.000000000,14
0,0,0,GrahAnimation,Kritsana Assadong,อันนี้ต้องโทษคุณวิโรจน์ พรรคอนาคตใหม่ ชี้เป้า แท็คนี้เป็นคนแรก จากนั้น ก็อย่างที่เห็นแหละจ้าาาาา 5555555 #รัฐบาลเตรียมพร้อม,2020-02-13 18:47:16,1888,145,2920,Thailand,10527,1029660114158989312,2018-08-15 02:24:00,560 days 21:36:00.000000000,560
0,0,0,ggers_,gr⁷,จ้างกูได้นะคะท่าน กุมีเรซูเม่พร้อม เคยแหกและถูกแหก ประสบการณ์เล่นทวิตหลายปี อยากให้ไฝว้เรื่องอะไรขอแค่บอก วันละห้าร้อยก็ได้ เล่นตลอดเวลาเพราะขี้เกียจทำงานค่า #รัฐบาลเตรียมพร้อม,2020-02-14 1:07:42,359,1086,32727,slytherin dormitory,6775,861612736349851648,2017-05-08 09:04:00,1024 days 14:56:00.000000000,1024
0,0,0,SakaNaegi,「苗木」 ⭕️ (ﾐ・ﻌ・ﾐ),#รัฐบาลเตรียมพร้อม สร้างความชิบหาย 55555,2020-02-14 3:23:07,738,245,125437,Room 302,12113,1118703685,2013-01-24 23:47:00,2589 days 00:13:00.000000000,2589
1,1,1,Pee78092209,rich,ข้อความหลังนี้แต่งขึ้นมาเพื่อ...จ้องแต่อคติตลอด #รัฐบาลเตรียมพร้อม,2020-02-19 5:15:22,190,4,493,,315,1227765375468572672,2020-02-12 17:24:00,14 days 06:36:00.000000000,14
0,0,0,Sitangxxi,нalfмooи,เตรียมพร้อมควยไร ไปตายอีหน้าหี #รัฐบาลเตรียมพร้อม,2020-02-14 3:24:12,369,302,148656,หลงรัก Girl group ทุกวง 💕,2239,1391955230,2013-04-30 05:30:00,2493 days 18:30:00.000000000,2493
0,0,0,fxxkuprayut,เจ้าคุณลักกี้,"รัฐบาลเตรียมพร้อมไม้อะไร ไม้เอก ไม้โท
ม้ายมีสมองงงงง
#รัฐบาลเตรียมพร้อม",2020-02-14 3:38:53,40,28,1331,,23,1118623111673290752,2019-04-17 14:11:00,315 days 09:49:00.000000000,315
0,0,0,Pumkamon_Kp,บันทึกของสีเงิน,R u ready ? เจอชื่อแท็คแล้วมีแต่คำว่าเอาจริงดิ โง่แบบเอาจริงเอาจังมาก #รัฐบาลเตรียมพร้อม https://twitter.com/Rafalemorrol/status/1228007054960287746 …,2020-02-13 22:52:08,137,4,3204,,3831,878515259874582528,2017-06-24 00:28:00,977 days 23:32:00.000000000,977
0,0,0,np4JTaDb3sgM0Yx,สุรเกียรติ จิระวสุพันธุ์,ดอดรับศพเงียบๆมือยิงโคราช #รัฐบาลเตรียมพร้อม #กราดยิงโคราช #ใจสลายhttp://www.topicza.com/news103326.html?d=15022020&f=89241 …,2020-02-14 17:21:46,12,5,30,,6,1226483235418361856,2020-02-09 04:29:00,17 days 19:31:00.000000000,17
0,0,0,solitaryjuniper,Juniper  🌿,"จะมาเอาดีทางทวิตเตอร์ บอกได้คำเดียวว่า อ่อนหัด !! เพิ่งใช้ Google เป็นไม่กี่เดือนก่อนเองไม่ใช่หรอ 

#รัฐบาลเตรียมพร้อม",2020-02-14 4:45:18,234,2,353,above time and space,128,1109664135132917760,2019-03-23 20:52:00,340 days 03:08:00.000000000,340
0,0,0,2krone10baht,Where is my nail clipper?,#รัฐบาลเตรียมพร้อม เตรียมพร้อมห่าไร เตรียมโดนล้ม? 55555,2020-02-13 15:30:35,21,9,149,"Copenhagen, Denmark",196,2520391027,2014-05-24 05:35:00,2104 days 18:25:00.000000000,2104
0,0,0,RBookgoon,Ravee Bookgoon,"#รัฐบาลเตรียมพร้อม=> จาก#ที่IOปั่นไม่ขึ้น
จนตอนนี้เป็น#บันเทิงได้ พวกคุณสุดยอด
อยากเห็นสีหน้าIOพรุ่งนี้ตอนทำงานอ่ะ",2020-02-13 17:30:28,107,53,8704,,15864,1095202032082800640,2019-02-11 22:04:00,380 days 01:56:00.000000000,380
0,0,0,KT_BaiToey,BaiToey,ไหนีนบอกว่าห้ามคน ออกนอกประเทศ ทำไมถึงยังมาไทยได้อยู่ #ไวรัสโคโรน่าสายพันธ์ุใหม่2019 #รัฐบาลเตรียมพร้อม #กรมควบคุมโรค #นายกเฮงซวย #นายกโง่ #COVID19https://twitter.com/ImdYl4jbMkC9tql/status/1229298773760733184 …,2020-02-17 16:06:14,1508,92,70248,,7615,1457760488,2013-05-25 11:42:00,2468 days 12:18:00.000000000,2468
0,0,0,PleSawi,ความสุขในชีวิตคืออะไร,เตรียมพร้อมอัลลัยกันวุ้ย  เตรียมพร้อมถลุงภาษีพวกกรุอีกแล้ว ว่างั้น  #รัฐบาลเตรียมพร้อม #รัฐบาลเฮงซวย,2020-02-13 17:16:07,20,39,5525,,1336,1489571822,2013-06-06 22:19:00,2456 days 01:41:00.000000000,2456
0,0,0,ftrin,ftrin,ก็ดีกว่ารัฐบาลอีปู อ่ะนะ #รัฐบาลเตรียมพร้อม,2020-02-14 0:03:34,327,107,6798,Bangkok,227,247264352,2011-02-04 04:52:00,3309 days 19:08:00.000000000,3309
0,0,0,Lookyaijit,พรรคก่อนคร่าาาาา,เดี๋ยวนี้คือคนเครียดสะสมมาก ล่าสุดเอาปืนออกมายิง 20 นัด #รัฐบาลเตรียมพร้อม หรือยังกับสภาพศก เเละการควบคุมการครอบครองอาวุธปืน ถ้าเค้าเอามากราดยิงที่สยาม มึงรับผิดชอบไหวไหม,2020-02-14 2:23:02,731,241,78370,,162663,891596902096969728,2017-07-30 02:50:00,941 days 21:10:00.000000000,941
0,0,0,Qsmat96,ᴢɴ ♡.,เตรียมพร้อมลาออกได้รึยัง  #รัฐบาลเตรียมพร้อม,2020-02-14 2:09:23,804,1212,393236,"𝐇𝐖,𝐃𝐘,𝐖𝐖",58235,183974252,2010-08-28 03:44:00,3469 days 20:16:00.000000000,3469
0,0,0,minatoMNT,ปิดนาฬิกาปลุกที,พวกกากกกกกกกก #รัฐบาลเตรียมพร้อม,2020-02-13 21:03:50,51,9,2957,,385,1209141649235791872,2019-12-23 08:00:00,65 days 16:00:00.000000000,65
0,0,0,meVnus,V Nus,"#ชิมช้อปใช้ ก็ไม่ช่วย

แล้วยังอยากจะมีเฟสต่อไป แหม...

#รัฐบาลเตรียมพร้อม https://twitter.com/prasitchai_k/status/1228160965192978440 …",2020-02-14 7:00:53,2726,13611,165456,,3914,66623777,2009-08-18 00:30:00,3844 days 23:30:00.000000000,3844
0,0,0,OlesRay124,OlesQG,ถ้ายังมั่นใจว่าประเทศไทยคือระบอบประชาธิปไตย ควรฟังความคิดเห็นประชาชนเเล้วนำไปปรับใช้ ไม่ใช่เอาความคิดตนเป็นใหญ่ไม่สน4สน8อะไรเลย พร้อมหาเรื่องแถ สร้างความหน้าอับอายแกประเทศ !!! #รัฐบาลเตรียมพร้อม,2020-02-14 2:41:59,15,9,178,"อ.สามพราน, จ.นครปฐม",164,977822121308053504,2018-03-25 01:18:00,703 days 22:42:00.000000000,703
0,0,0,k0b_k0b,║ ⊙︿⊙™║,ทหารใกล้เกษียณ ถ้าอยากอยู่บ้านหลวงฟรีหลังเกษียณ ให้ทำประโยชน์ให้ประเทศชาติ เตรียมรอทำ รปห ไม่ก็เตรียมรอการแต่งตั้งเป็น สว. หลัง รปห #รัฐบาลเตรียมพร้อม,2020-02-14 5:48:45,1671,7025,109114,,2093,60541604,2009-07-27 01:59:00,3866 days 22:01:00.000000000,3866
0,0,0,autto002,Love Beach,เมื่อไหร่ เราจะมีระบบแจ้งเตือน ประมานว่าตอนนี้มีใครยิงกันตายอยู่ให้หลีกเลี่ยงไรงี้  #รัฐบาลเตรียมพร้อม,2020-02-14 3:08:43,212,164,93469,Thailand,2046,69548600,2009-08-28 02:31:00,3834 days 21:29:00.000000000,3834
0,0,0,GrahAnimation,Kritsana Assadong,"ติดเทรนด์แถบข้างแล้ว 
เชี่ย ไอโอ ดูไว้ อันนี้เค้าเรียกมืออาชีพ
พวกนายยังห่างชั้นเรามาก
ปัดโธ่....  #รัฐบาลเตรียมพร้อม",2020-02-13 18:06:49,1888,145,2920,Thailand,10527,1029660114158989312,2018-08-15 02:24:00,560 days 21:36:00.000000000,560
0,0,0,eibbbb,เอิ่บ,แล้วก็จะมีสื่อโง่ๆแคปไปลง ปชชแห่ให้กำลังใจรัฐบาลจนติดเเทรนด์ทวิตเตอร์ บลาๆๆๆ #รัฐบาลเตรียมพร้อม,2020-02-13 18:34:06,542,116,92484,,133900,1107665196254781440,2019-03-18 08:28:00,345 days 15:32:00.000000000,345
